,Date_Key,Full_Date,Year,Quarter,Month,Month_Name,Week_Number,Day_of_Week,Day_Number,Is_Weekend,Is_Holiday,Season,Is_Winter,Is_Flu_Season
0,20240101,2024-01-01,2024,Q1,1,January,1,Monday,0,False,True,Winter,True,True
1,20240102,2024-01-02,2024,Q1,1,January,1,Tuesday,1,False,False,Winter,True,True
2,20240103,2024-01-03,2024,Q1,1,January,1,Wednesday,2,False,False,Winter,True,True
3,20240104,2024-01-04,2024,Q1,1,January,1,Thursday,3,False,False,Winter,True,True
4,20240105,2024-01-05,2024,Q1,1,January,1,Friday,4,False,False,Winter,True,True
5,20240106,2024-01-06,2024,Q1,1,January,1,Saturday,5,True,False,Winter,True,True
6,20240107,2024-01-07,2024,Q1,1,January,1,Sunday,6,True,False,Winter,True,True
7,20240108,2024-01-08,2024,Q1,1,January,2,Monday,0,False,False,Winter,True,True
8,20240109,2024-01-09,2024,Q1,1,January,2,Tuesday,1,False,False,Winter,True,True
9,20240110,2024-01-10,2024,Q1,1,January,2,Wednesday,2,False,False,Winter,True,True
10,20240111,2024-01-11,2024,Q1,1,January,2,Thursday,3,False,False,Winter,True,True
11,20240112,2024-01-12,2024,Q1,1,January,2,Friday,4,False,False,Winter,True,True
12,20240113,2024-01-13,2024,Q1,1,January,2,Saturday,5,True,False,Winter,True,True
13,20240114,2024-01-14,2024,Q1,1,January,2,Sunday,6,True,False,Winter,True,True
14,20240115,2024-01-15,2024,Q1,1,January,3,Monday,0,False,False,Winter,True,True
15,20240116,2024-01-16,2024,Q1,1,January,3,Tuesday,1,False,False,Winter,True,True
16,20240117,2024-01-17,2024,Q1,1,January,3,Wednesday,2,False,False,Winter,True,True
17,20240118,2024-01-18,2024,Q1,1,January,3,Thursday,3,False,False,Winter,True,True
18,20240119,2024-01-19,2024,Q1,1,January,3,Friday,4,False,False,Winter,True,True
19,20240120,2024-01-20,2024,Q1,1,January,3,Saturday,5,True,False,Winter,True,True
20,20240121,2024-01-21,2024,Q1,1,January,3,Sunday,6,True,False,Winter,True,True
21,20240122,2024-01-22,2024,Q1,1,January,4,Monday,0,False,False,Winter,True,True
22,20240123,2024-01-23,2024,Q1,1,January,4,Tuesday,1,False,False,Winter,True,True
23,20240124,2024-01-24,2024,Q1,1,January,4,Wednesday,2,False,False,Winter,True,True
24,20240125,2024-01-25,2024,Q1,1,January,4,Thursday,3,False,False,Winter,True,True
25,20240126,2024-01-26,2024,Q1,1,January,4,Friday,4,False,False,Winter,True,True
26,20240127,2024-01-27,2024,Q1,1,January,4,Saturday,5,True,False,Winter,True,True
27,20240128,2024-01-28,2024,Q1,1,January,4,Sunday,6,True,False,Winter,True,True
28,20240129,2024-01-29,2024,Q1,1,January,5,Monday,0,False,False,Winter,True,True
29,20240130,2024-01-30,2024,Q1,1,January,5,Tuesday,1,False,False,Winter,True,True
30,20240131,2024-01-31,2024,Q1,1,January,5,Wednesday,2,False,False,Winter,True,True
31,20240201,2024-02-01,2024,Q1,2,February,5,Thursday,3,False,False,Winter,True,True
32,20240202,2024-02-02,2024,Q1,2,February,5,Friday,4,False,False,Winter,True,True
33,20240203,2024-02-03,2024,Q1,2,February,5,Saturday,5,True,False,Winter,True,True
34,20240204,2024-02-04,2024,Q1,2,February,5,Sunday,6,True,False,Winter,True,True
35,20240205,2024-02-05,2024,Q1,2,February,6,Monday,0,False,False,Winter,True,True
36,20240206,2024-02-06,2024,Q1,2,February,6,Tuesday,1,False,False,Winter,True,True
37,20240207,2024-02-07,2024,Q1,2,February,6,Wednesday,2,False,False,Winter,True,True
38,20240208,2024-02-08,2024,Q1,2,February,6,Thursday,3,False,False,Winter,True,True
39,20240209,2024-02-09,2024,Q1,2,February,6,Friday,4,False,False,Winter,True,True
40,20240210,2024-02-10,2024,Q1,2,February,6,Saturday,5,True,False,Winter,True,True
41,20240211,2024-02-11,2024,Q1,2,February,6,Sunday,6,True,False,Winter,True,True
42,20240212,2024-02-12,2024,Q1,2,February,7,Monday,0,False,False,Winter,True,True
43,20240213,2024-02-13,2024,Q1,2,February,7,Tuesday,1,False,False,Winter,True,True
44,20240214,2024-02-14,2024,Q1,2,February,7,Wednesday,2,False,False,Winter,True,True
45,20240215,2024-02-15,2024,Q1,2,February,7,Thursday,3,False,False,Winter,True,True
46,20240216,2024-02-16,2024,Q1,2,February,7,Friday,4,False,False,Winter,True,True
47,20240217,2024-02-17,2024,Q1,2,February,7,Saturday,5,True,False,Winter,True,True
48,20240218,2024-02-18,2024,Q1,2,February,7,Sunday,6,True,False,Winter,True,True
49,20240219,2024-02-19,2024,Q1,2,February,8,Monday,0,False,False,Winter,True,True
50,20240220,2024-02-20,2024,Q1,2,February,8,Tuesday,1,False,False,Winter,True,True
51,20240221,2024-02-21,2024,Q1,2,February,8,Wednesday,2,False,False,Winter,True,True
52,20240222,2024-02-22,2024,Q1,2,February,8,Thursday,3,False,False,Winter,True,True
53,20240223,2024-02-23,2024,Q1,2,February,8,Friday,4,False,False,Winter,True,True
54,20240224,2024-02-24,2024,Q1,2,February,8,Saturday,5,True,False,Winter,True,True
55,20240225,2024-02-25,2024,Q1,2,February,8,Sunday,6,True,False,Winter,True,True
56,20240226,2024-02-26,2024,Q1,2,February,9,Monday,0,False,False,Winter,True,True
57,20240227,2024-02-27,2024,Q1,2,February,9,Tuesday,1,False,False,Winter,True,True
58,20240228,2024-02-28,2024,Q1,2,February,9,Wednesday,2,False,False,Winter,True,True
59,20240229,2024-02-29,2024,Q1,2,February,9,Thursday,3,False,False,Winter,True,True
60,20240301,2024-03-01,2024,Q1,3,March,9,Friday,4,False,False,Spring,False,True
61,20240302,2024-03-02,2024,Q1,3,March,9,Saturday,5,True,False,Spring,False,True
62,20240303,2024-03-03,2024,Q1,3,March,9,Sunday,6,True,False,Spring,False,True
63,20240304,2024-03-04,2024,Q1,3,March,10,Monday,0,False,False,Spring,False,True
64,20240305,2024-03-05,2024,Q1,3,March,10,Tuesday,1,False,False,Spring,False,True
65,20240306,2024-03-06,2024,Q1,3,March,10,Wednesday,2,False,False,Spring,False,True
66,20240307,2024-03-07,2024,Q1,3,March,10,Thursday,3,False,False,Spring,False,True
67,20240308,2024-03-08,2024,Q1,3,March,10,Friday,4,False,False,Spring,False,True
68,20240309,2024-03-09,2024,Q1,3,March,10,Saturday,5,True,False,Spring,False,True
69,20240310,2024-03-10,2024,Q1,3,March,10,Sunday,6,True,False,Spring,False,True
70,20240311,2024-03-11,2024,Q1,3,March,11,Monday,0,False,False,Spring,False,True
71,20240312,2024-03-12,2024,Q1,3,March,11,Tuesday,1,False,False,Spring,False,True
72,20240313,2024-03-13,2024,Q1,3,March,11,Wednesday,2,False,False,Spring,False,True
73,20240314,2024-03-14,2024,Q1,3,March,11,Thursday,3,False,False,Spring,False,True
74,20240315,2024-03-15,2024,Q1,3,March,11,Friday,4,False,False,Spring,False,True
75,20240316,2024-03-16,2024,Q1,3,March,11,Saturday,5,True,False,Spring,False,True
76,20240317,2024-03-17,2024,Q1,3,March,11,Sunday,6,True,False,Spring,False,True
77,20240318,2024-03-18,2024,Q1,3,March,12,Monday,0,False,False,Spring,False,True
78,20240319,2024-03-19,2024,Q1,3,March,12,Tuesday,1,False,False,Spring,False,True
79,20240320,2024-03-20,2024,Q1,3,March,12,Wednesday,2,False,False,Spring,False,True
80,20240321,2024-03-21,2024,Q1,3,March,12,Thursday,3,False,False,Spring,False,True
81,20240322,2024-03-22,2024,Q1,3,March,12,Friday,4,False,False,Spring,False,True
82,20240323,2024-03-23,2024,Q1,3,March,12,Saturday,5,True,False,Spring,False,True
83,20240324,2024-03-24,2024,Q1,3,March,12,Sunday,6,True,False,Spring,False,True
84,20240325,2024-03-25,2024,Q1,3,March,13,Monday,0,False,False,Spring,False,True
85,20240326,2024-03-26,2024,Q1,3,March,13,Tuesday,1,False,False,Spring,False,True
86,20240327,2024-03-27,2024,Q1,3,March,13,Wednesday,2,False,False,Spring,False,True
87,20240328,2024-03-28,2024,Q1,3,March,13,Thursday,3,False,False,Spring,False,True
88,20240329,2024-03-29,2024,Q1,3,March,13,Friday,4,False,False,Spring,False,True
89,20240330,2024-03-30,2024,Q1,3,March,13,Saturday,5,True,False,Spring,False,True
90,20240331,2024-03-31,2024,Q1,3,March,13,Sunday,6,True,False,Spring,False,True
91,20240401,2024-04-01,2024,Q2,4,April,14,Monday,0,False,False,Spring,False,False
92,20240402,2024-04-02,2024,Q2,4,April,14,Tuesday,1,False,False,Spring,False,False
93,20240403,2024-04-03,2024,Q2,4,April,14,Wednesday,2,False,False,Spring,False,False
94,20240404,2024-04-04,2024,Q2,4,April,14,Thursday,3,False,False,Spring,False,False
95,20240405,2024-04-05,2024,Q2,4,April,14,Friday,4,False,False,Spring,False,False
96,20240406,2024-04-06,2024,Q2,4,April,14,Saturday,5,True,False,Spring,False,False
97,20240407,2024-04-07,2024,Q2,4,April,14,Sunday,6,True,False,Spring,False,False
98,20240408,2024-04-08,2024,Q2,4,April,15,Monday,0,False,False,Spring,False,False
99,20240409,2024-04-09,2024,Q2,4,April,15,Tuesday,1,False,False,Spring,False,False
100,20240410,2024-04-10,2024,Q2,4,April,15,Wednesday,2,False,False,Spring,False,False
101,20240411,2024-04-11,2024,Q2,4,April,15,Thursday,3,False,False,Spring,False,False
102,20240412,2024-04-12,2024,Q2,4,April,15,Friday,4,False,False,Spring,False,False
103,20240413,2024-04-13,2024,Q2,4,April,15,Saturday,5,True,False,Spring,False,False
104,20240414,2024-04-14,2024,Q2,4,April,15,Sunday,6,True,False,Spring,False,False
105,20240415,2024-04-15,2024,Q2,4,April,16,Monday,0,False,False,Spring,False,False
106,20240416,2024-04-16,2024,Q2,4,April,16,Tuesday,1,False,False,Spring,False,False
107,20240417,2024-04-17,2024,Q2,4,April,16,Wednesday,2,False,False,Spring,False,False
108,20240418,2024-04-18,2024,Q2,4,April,16,Thursday,3,False,False,Spring,False,False
109,20240419,2024-04-19,2024,Q2,4,April,16,Friday,4,False,False,Spring,False,False
110,20240420,2024-04-20,2024,Q2,4,April,16,Saturday,5,True,False,Spring,False,False
111,20240421,2024-04-21,2024,Q2,4,April,16,Sunday,6,True,False,Spring,False,False
112,20240422,2024-04-22,2024,Q2,4,April,17,Monday,0,False,False,Spring,False,False
113,20240423,2024-04-23,2024,Q2,4,April,17,Tuesday,1,False,False,Spring,False,False
114,20240424,2024-04-24,2024,Q2,4,April,17,Wednesday,2,False,False,Spring,False,False
115,20240425,2024-04-25,2024,Q2,4,April,17,Thursday,3,False,False,Spring,False,False
116,20240426,2024-04-26,2024,Q2,4,April,17,Friday,4,False,False,Spring,False,False
117,20240427,2024-04-27,2024,Q2,4,April,17,Saturday,5,True,False,Spring,False,False
118,20240428,2024-04-28,2024,Q2,4,April,17,Sunday,6,True,False,Spring,False,False
119,20240429,2024-04-29,2024,Q2,4,April,18,Monday,0,False,False,Spring,False,False
120,20240430,2024-04-30,2024,Q2,4,April,18,Tuesday,1,False,False,Spring,False,False
121,20240501,2024-05-01,2024,Q2,5,May,18,Wednesday,2,False,False,Spring,False,False
122,20240502,2024-05-02,2024,Q2,5,May,18,Thursday,3,False,False,Spring,False,False
123,20240503,2024-05-03,2024,Q2,5,May,18,Friday,4,False,False,Spring,False,False
124,20240504,2024-05-04,2024,Q2,5,May,18,Saturday,5,True,False,Spring,False,False
125,20240505,2024-05-05,2024,Q2,5,May,18,Sunday,6,True,False,Spring,False,False
126,20240506,2024-05-06,2024,Q2,5,May,19,Monday,0,False,False,Spring,False,False
127,20240507,2024-05-07,2024,Q2,5,May,19,Tuesday,1,False,False,Spring,False,False
128,20240508,2024-05-08,2024,Q2,5,May,19,Wednesday,2,False,False,Spring,False,False
129,20240509,2024-05-09,2024,Q2,5,May,19,Thursday,3,False,False,Spring,False,False
130,20240510,2024-05-10,2024,Q2,5,May,19,Friday,4,False,False,Spring,False,False
131,20240511,2024-05-11,2024,Q2,5,May,19,Saturday,5,True,False,Spring,False,False
132,20240512,2024-05-12,2024,Q2,5,May,19,Sunday,6,True,False,Spring,False,False
133,20240513,2024-05-13,2024,Q2,5,May,20,Monday,0,False,False,Spring,False,False
134,20240514,2024-05-14,2024,Q2,5,May,20,Tuesday,1,False,False,Spring,False,False
135,20240515,2024-05-15,2024,Q2,5,May,20,Wednesday,2,False,False,Spring,False,False
136,20240516,2024-05-16,2024,Q2,5,May,20,Thursday,3,False,False,Spring,False,False
137,20240517,2024-05-17,2024,Q2,5,May,20,Friday,4,False,False,Spring,False,False
138,20240518,2024-05-18,2024,Q2,5,May,20,Saturday,5,True,False,Spring,False,False
139,20240519,2024-05-19,2024,Q2,5,May,20,Sunday,6,True,False,Spring,False,False
140,20240520,2024-05-20,2024,Q2,5,May,21,Monday,0,False,False,Spring,False,False
141,20240521,2024-05-21,2024,Q2,5,May,21,Tuesday,1,False,False,Spring,False,False
142,20240522,2024-05-22,2024,Q2,5,May,21,Wednesday,2,False,False,Spring,False,False
143,20240523,2024-05-23,2024,Q2,5,May,21,Thursday,3,False,False,Spring,False,False
144,20240524,2024-05-24,2024,Q2,5,May,21,Friday,4,False,False,Spring,False,False
145,20240525,2024-05-25,2024,Q2,5,May,21,Saturday,5,True,False,Spring,False,False
146,20240526,2024-05-26,2024,Q2,5,May,21,Sunday,6,True,False,Spring,False,False
147,20240527,2024-05-27,2024,Q2,5,May,22,Monday,0,False,True,Spring,False,False
148,20240528,2024-05-28,2024,Q2,5,May,22,Tuesday,1,False,False,Spring,False,False
149,20240529,2024-05-29,2024,Q2,5,May,22,Wednesday,2,False,False,Spring,False,False
150,20240530,2024-05-30,2024,Q2,5,May,22,Thursday,3,False,False,Spring,False,False
151,20240531,2024-05-31,2024,Q2,5,May,22,Friday,4,False,False,Spring,False,False
152,20240601,2024-06-01,2024,Q2,6,June,22,Saturday,5,True,False,Summer,False,False
153,20240602,2024-06-02,2024,Q2,6,June,22,Sunday,6,True,False,Summer,False,False
154,20240603,2024-06-03,2024,Q2,6,June,23,Monday,0,False,False,Summer,False,False
155,20240604,2024-06-04,2024,Q2,6,June,23,Tuesday,1,False,False,Summer,False,False
156,20240605,2024-06-05,2024,Q2,6,June,23,Wednesday,2,False,False,Summer,False,False
157,20240606,2024-06-06,2024,Q2,6,June,23,Thursday,3,False,False,Summer,False,False
158,20240607,2024-06-07,2024,Q2,6,June,23,Friday,4,False,False,Summer,False,False
159,20240608,2024-06-08,2024,Q2,6,June,23,Saturday,5,True,False,Summer,False,False
160,20240609,2024-06-09,2024,Q2,6,June,23,Sunday,6,True,False,Summer,False,False
161,20240610,2024-06-10,2024,Q2,6,June,24,Monday,0,False,False,Summer,False,False
162,20240611,2024-06-11,2024,Q2,6,June,24,Tuesday,1,False,False,Summer,False,False
163,20240612,2024-06-12,2024,Q2,6,June,24,Wednesday,2,False,False,Summer,False,False
164,20240613,2024-06-13,2024,Q2,6,June,24,Thursday,3,False,False,Summer,False,False
165,20240614,2024-06-14,2024,Q2,6,June,24,Friday,4,False,False,Summer,False,False
166,20240615,2024-06-15,2024,Q2,6,June,24,Saturday,5,True,False,Summer,False,False
167,20240616,2024-06-16,2024,Q2,6,June,24,Sunday,6,True,False,Summer,False,False
168,20240617,2024-06-17,2024,Q2,6,June,25,Monday,0,False,False,Summer,False,False
169,20240618,2024-06-18,2024,Q2,6,June,25,Tuesday,1,False,False,Summer,False,False
170,20240619,2024-06-19,2024,Q2,6,June,25,Wednesday,2,False,False,Summer,False,False
171,20240620,2024-06-20,2024,Q2,6,June,25,Thursday,3,False,False,Summer,False,False
172,20240621,2024-06-21,2024,Q2,6,June,25,Friday,4,False,False,Summer,False,False
173,20240622,2024-06-22,2024,Q2,6,June,25,Saturday,5,True,False,Summer,False,False
174,20240623,2024-06-23,2024,Q2,6,June,25,Sunday,6,True,False,Summer,False,False
175,20240624,2024-06-24,2024,Q2,6,June,26,Monday,0,False,False,Summer,False,False
176,20240625,2024-06-25,2024,Q2,6,June,26,Tuesday,1,False,False,Summer,False,False
177,20240626,2024-06-26,2024,Q2,6,June,26,Wednesday,2,False,False,Summer,False,False
178,20240627,2024-06-27,2024,Q2,6,June,26,Thursday,3,False,False,Summer,False,False
179,20240628,2024-06-28,2024,Q2,6,June,26,Friday,4,False,False,Summer,False,False
180,20240629,2024-06-29,2024,Q2,6,June,26,Saturday,5,True,False,Summer,False,False
181,20240630,2024-06-30,2024,Q2,6,June,26,Sunday,6,True,False,Summer,False,False
182,20240701,2024-07-01,2024,Q3,7,July,27,Monday,0,False,False,Summer,False,False
183,20240702,2024-07-02,2024,Q3,7,July,27,Tuesday,1,False,False,Summer,False,False
184,20240703,2024-07-03,2024,Q3,7,July,27,Wednesday,2,False,False,Summer,False,False
185,20240704,2024-07-04,2024,Q3,7,July,27,Thursday,3,False,True,Summer,False,False
186,20240705,2024-07-05,2024,Q3,7,July,27,Friday,4,False,False,Summer,False,False
187,20240706,2024-07-06,2024,Q3,7,July,27,Saturday,5,True,False,Summer,False,False
188,20240707,2024-07-07,2024,Q3,7,July,27,Sunday,6,True,False,Summer,False,False
189,20240708,2024-07-08,2024,Q3,7,July,28,Monday,0,False,False,Summer,False,False
190,20240709,2024-07-09,2024,Q3,7,July,28,Tuesday,1,False,False,Summer,False,False
191,20240710,2024-07-10,2024,Q3,7,July,28,Wednesday,2,False,False,Summer,False,False
192,20240711,2024-07-11,2024,Q3,7,July,28,Thursday,3,False,False,Summer,False,False
193,20240712,2024-07-12,2024,Q3,7,July,28,Friday,4,False,False,Summer,False,False
194,20240713,2024-07-13,2024,Q3,7,July,28,Saturday,5,True,False,Summer,False,False
195,20240714,2024-07-14,2024,Q3,7,July,28,Sunday,6,True,False,Summer,False,False
196,20240715,2024-07-15,2024,Q3,7,July,29,Monday,0,False,False,Summer,False,False
197,20240716,2024-07-16,2024,Q3,7,July,29,Tuesday,1,False,False,Summer,False,False
198,20240717,2024-07-17,2024,Q3,7,July,29,Wednesday,2,False,False,Summer,False,False
199,20240718,2024-07-18,2024,Q3,7,July,29,Thursday,3,False,False,Summer,False,False
200,20240719,2024-07-19,2024,Q3,7,July,29,Friday,4,False,False,Summer,False,False
201,20240720,2024-07-20,2024,Q3,7,July,29,Saturday,5,True,False,Summer,False,False
202,20240721,2024-07-21,2024,Q3,7,July,29,Sunday,6,True,False,Summer,False,False
203,20240722,2024-07-22,2024,Q3,7,July,30,Monday,0,False,False,Summer,False,False
204,20240723,2024-07-23,2024,Q3,7,July,30,Tuesday,1,False,False,Summer,False,False
205,20240724,2024-07-24,2024,Q3,7,July,30,Wednesday,2,False,False,Summer,False,False
206,20240725,2024-07-25,2024,Q3,7,July,30,Thursday,3,False,False,Summer,False,False
207,20240726,2024-07-26,2024,Q3,7,July,30,Friday,4,False,False,Summer,False,False
208,20240727,2024-07-27,2024,Q3,7,July,30,Saturday,5,True,False,Summer,False,False
209,20240728,2024-07-28,2024,Q3,7,July,30,Sunday,6,True,False,Summer,False,False
210,20240729,2024-07-29,2024,Q3,7,July,31,Monday,0,False,False,Summer,False,False
211,20240730,2024-07-30,2024,Q3,7,July,31,Tuesday,1,False,False,Summer,False,False
212,20240731,2024-07-31,2024,Q3,7,July,31,Wednesday,2,False,False,Summer,False,False
213,20240801,2024-08-01,2024,Q3,8,August,31,Thursday,3,False,False,Summer,False,False
214,20240802,2024-08-02,2024,Q3,8,August,31,Friday,4,False,False,Summer,False,False
215,20240803,2024-08-03,2024,Q3,8,August,31,Saturday,5,True,False,Summer,False,False
216,20240804,2024-08-04,2024,Q3,8,August,31,Sunday,6,True,False,Summer,False,False
217,20240805,2024-08-05,2024,Q3,8,August,32,Monday,0,False,False,Summer,False,False
218,20240806,2024-08-06,2024,Q3,8,August,32,Tuesday,1,False,False,Summer,False,False
219,20240807,2024-08-07,2024,Q3,8,August,32,Wednesday,2,False,False,Summer,False,False
220,20240808,2024-08-08,2024,Q3,8,August,32,Thursday,3,False,False,Summer,False,False
221,20240809,2024-08-09,2024,Q3,8,August,32,Friday,4,False,False,Summer,False,False
222,20240810,2024-08-10,2024,Q3,8,August,32,Saturday,5,True,False,Summer,False,False
223,20240811,2024-08-11,2024,Q3,8,August,32,Sunday,6,True,False,Summer,False,False
224,20240812,2024-08-12,2024,Q3,8,August,33,Monday,0,False,False,Summer,False,False
225,20240813,2024-08-13,2024,Q3,8,August,33,Tuesday,1,False,False,Summer,False,False
226,20240814,2024-08-14,2024,Q3,8,August,33,Wednesday,2,False,False,Summer,False,False
227,20240815,2024-08-15,2024,Q3,8,August,33,Thursday,3,False,False,Summer,False,False
228,20240816,2024-08-16,2024,Q3,8,August,33,Friday,4,False,False,Summer,False,False
229,20240817,2024-08-17,2024,Q3,8,August,33,Saturday,5,True,False,Summer,False,False
230,20240818,2024-08-18,2024,Q3,8,August,33,Sunday,6,True,False,Summer,False,False
231,20240819,2024-08-19,2024,Q3,8,August,34,Monday,0,False,False,Summer,False,False
232,20240820,2024-08-20,2024,Q3,8,August,34,Tuesday,1,False,False,Summer,False,False
233,20240821,2024-08-21,2024,Q3,8,August,34,Wednesday,2,False,False,Summer,False,False
234,20240822,2024-08-22,2024,Q3,8,August,34,Thursday,3,False,False,Summer,False,False
235,20240823,2024-08-23,2024,Q3,8,August,34,Friday,4,False,False,Summer,False,False
236,20240824,2024-08-24,2024,Q3,8,August,34,Saturday,5,True,False,Summer,False,False
237,20240825,2024-08-25,2024,Q3,8,August,34,Sunday,6,True,False,Summer,False,False
238,20240826,2024-08-26,2024,Q3,8,August,35,Monday,0,False,False,Summer,False,False
239,20240827,2024-08-27,2024,Q3,8,August,35,Tuesday,1,False,False,Summer,False,False
240,20240828,2024-08-28,2024,Q3,8,August,35,Wednesday,2,False,False,Summer,False,False
241,20240829,2024-08-29,2024,Q3,8,August,35,Thursday,3,False,False,Summer,False,False
242,20240830,2024-08-30,2024,Q3,8,August,35,Friday,4,False,False,Summer,False,False
243,20240831,2024-08-31,2024,Q3,8,August,35,Saturday,5,True,False,Summer,False,False
244,20240901,2024-09-01,2024,Q3,9,September,35,Sunday,6,True,False,Autumn,False,False
245,20240902,2024-09-02,2024,Q3,9,September,36,Monday,0,False,True,Autumn,False,False
246,20240903,2024-09-03,2024,Q3,9,September,36,Tuesday,1,False,False,Autumn,False,False
247,20240904,2024-09-04,2024,Q3,9,September,36,Wednesday,2,False,False,Autumn,False,False
248,20240905,2024-09-05,2024,Q3,9,September,36,Thursday,3,False,False,Autumn,False,False
249,20240906,2024-09-06,2024,Q3,9,September,36,Friday,4,False,False,Autumn,False,False
250,20240907,2024-09-07,2024,Q3,9,September,36,Saturday,5,True,False,Autumn,False,False
251,20240908,2024-09-08,2024,Q3,9,September,36,Sunday,6,True,False,Autumn,False,False
252,20240909,2024-09-09,2024,Q3,9,September,37,Monday,0,False,False,Autumn,False,False
253,20240910,2024-09-10,2024,Q3,9,September,37,Tuesday,1,False,False,Autumn,False,False
254,20240911,2024-09-11,2024,Q3,9,September,37,Wednesday,2,False,False,Autumn,False,False
255,20240912,2024-09-12,2024,Q3,9,September,37,Thursday,3,False,False,Autumn,False,False
256,20240913,2024-09-13,2024,Q3,9,September,37,Friday,4,False,False,Autumn,False,False
257,20240914,2024-09-14,2024,Q3,9,September,37,Saturday,5,True,False,Autumn,False,False
258,20240915,2024-09-15,2024,Q3,9,September,37,Sunday,6,True,False,Autumn,False,False
259,20240916,2024-09-16,2024,Q3,9,September,38,Monday,0,False,False,Autumn,False,False
260,20240917,2024-09-17,2024,Q3,9,September,38,Tuesday,1,False,False,Autumn,False,False
261,20240918,2024-09-18,2024,Q3,9,September,38,Wednesday,2,False,False,Autumn,False,False
262,20240919,2024-09-19,2024,Q3,9,September,38,Thursday,3,False,False,Autumn,False,False
263,20240920,2024-09-20,2024,Q3,9,September,38,Friday,4,False,False,Autumn,False,False
264,20240921,2024-09-21,2024,Q3,9,September,38,Saturday,5,True,False,Autumn,False,False
265,20240922,2024-09-22,2024,Q3,9,September,38,Sunday,6,True,False,Autumn,False,False
266,20240923,2024-09-23,2024,Q3,9,September,39,Monday,0,False,False,Autumn,False,False
267,20240924,2024-09-24,2024,Q3,9,September,39,Tuesday,1,False,False,Autumn,False,False
268,20240925,2024-09-25,2024,Q3,9,September,39,Wednesday,2,False,False,Autumn,False,False
269,20240926,2024-09-26,2024,Q3,9,September,39,Thursday,3,False,False,Autumn,False,False
270,20240927,2024-09-27,2024,Q3,9,September,39,Friday,4,False,False,Autumn,False,False
271,20240928,2024-09-28,2024,Q3,9,September,39,Saturday,5,True,False,Autumn,False,False
272,20240929,2024-09-29,2024,Q3,9,September,39,Sunday,6,True,False,Autumn,False,False
273,20240930,2024-09-30,2024,Q3,9,September,40,Monday,0,False,False,Autumn,False,False
274,20241001,2024-10-01,2024,Q4,10,October,40,Tuesday,1,False,False,Autumn,False,False
275,20241002,2024-10-02,2024,Q4,10,October,40,Wednesday,2,False,False,Autumn,False,False
276,20241003,2024-10-03,2024,Q4,10,October,40,Thursday,3,False,False,Autumn,False,False
277,20241004,2024-10-04,2024,Q4,10,October,40,Friday,4,False,False,Autumn,False,False
278,20241005,2024-10-05,2024,Q4,10,October,40,Saturday,5,True,False,Autumn,False,False
279,20241006,2024-10-06,2024,Q4,10,October,40,Sunday,6,True,False,Autumn,False,False
280,20241007,2024-10-07,2024,Q4,10,October,41,Monday,0,False,False,Autumn,False,False
281,20241008,2024-10-08,2024,Q4,10,October,41,Tuesday,1,False,False,Autumn,False,False
282,20241009,2024-10-09,2024,Q4,10,October,41,Wednesday,2,False,False,Autumn,False,False
283,20241010,2024-10-10,2024,Q4,10,October,41,Thursday,3,False,False,Autumn,False,False
284,20241011,2024-10-11,2024,Q4,10,October,41,Friday,4,False,False,Autumn,False,False
285,20241012,2024-10-12,2024,Q4,10,October,41,Saturday,5,True,False,Autumn,False,False
286,20241013,2024-10-13,2024,Q4,10,October,41,Sunday,6,True,False,Autumn,False,False
287,20241014,2024-10-14,2024,Q4,10,October,42,Monday,0,False,False,Autumn,False,False
288,20241015,2024-10-15,2024,Q4,10,October,42,Tuesday,1,False,False,Autumn,False,False
289,20241016,2024-10-16,2024,Q4,10,October,42,Wednesday,2,False,False,Autumn,False,False
290,20241017,2024-10-17,2024,Q4,10,October,42,Thursday,3,False,False,Autumn,False,False
291,20241018,2024-10-18,2024,Q4,10,October,42,Friday,4,False,False,Autumn,False,False
292,20241019,2024-10-19,2024,Q4,10,October,42,Saturday,5,True,False,Autumn,False,False
293,20241020,2024-10-20,2024,Q4,10,October,42,Sunday,6,True,False,Autumn,False,False
294,20241021,2024-10-21,2024,Q4,10,October,43,Monday,0,False,False,Autumn,False,False
295,20241022,2024-10-22,2024,Q4,10,October,43,Tuesday,1,False,False,Autumn,False,False
296,20241023,2024-10-23,2024,Q4,10,October,43,Wednesday,2,False,False,Autumn,False,False
297,20241024,2024-10-24,2024,Q4,10,October,43,Thursday,3,False,False,Autumn,False,False
298,20241025,2024-10-25,2024,Q4,10,October,43,Friday,4,False,False,Autumn,False,False
299,20241026,2024-10-26,2024,Q4,10,October,43,Saturday,5,True,False,Autumn,False,False
300,20241027,2024-10-27,2024,Q4,10,October,43,Sunday,6,True,False,Autumn,False,False
301,20241028,2024-10-28,2024,Q4,10,October,44,Monday,0,False,False,Autumn,False,False
302,20241029,2024-10-29,2024,Q4,10,October,44,Tuesday,1,False,False,Autumn,False,False
303,20241030,2024-10-30,2024,Q4,10,October,44,Wednesday,2,False,False,Autumn,False,False
304,20241031,2024-10-31,2024,Q4,10,October,44,Thursday,3,False,False,Autumn,False,False
305,20241101,2024-11-01,2024,Q4,11,November,44,Friday,4,False,False,Autumn,False,True
306,20241102,2024-11-02,2024,Q4,11,November,44,Saturday,5,True,False,Autumn,False,True
307,20241103,2024-11-03,2024,Q4,11,November,44,Sunday,6,True,False,Autumn,False,True
308,20241104,2024-11-04,2024,Q4,11,November,45,Monday,0,False,False,Autumn,False,True
309,20241105,2024-11-05,2024,Q4,11,November,45,Tuesday,1,False,False,Autumn,False,True
310,20241106,2024-11-06,2024,Q4,11,November,45,Wednesday,2,False,False,Autumn,False,True
311,20241107,2024-11-07,2024,Q4,11,November,45,Thursday,3,False,False,Autumn,False,True
312,20241108,2024-11-08,2024,Q4,11,November,45,Friday,4,False,False,Autumn,False,True
313,20241109,2024-11-09,2024,Q4,11,November,45,Saturday,5,True,False,Autumn,False,True
314,20241110,2024-11-10,2024,Q4,11,November,45,Sunday,6,True,False,Autumn,False,True
315,20241111,2024-11-11,2024,Q4,11,November,46,Monday,0,False,True,Autumn,False,True
316,20241112,2024-11-12,2024,Q4,11,November,46,Tuesday,1,False,False,Autumn,False,True
317,20241113,2024-11-13,2024,Q4,11,November,46,Wednesday,2,False,False,Autumn,False,True
318,20241114,2024-11-14,2024,Q4,11,November,46,Thursday,3,False,False,Autumn,False,True
319,20241115,2024-11-15,2024,Q4,11,November,46,Friday,4,False,False,Autumn,False,True
320,20241116,2024-11-16,2024,Q4,11,November,46,Saturday,5,True,False,Autumn,False,True
321,20241117,2024-11-17,2024,Q4,11,November,46,Sunday,6,True,False,Autumn,False,True
322,20241118,2024-11-18,2024,Q4,11,November,47,Monday,0,False,False,Autumn,False,True
323,20241119,2024-11-19,2024,Q4,11,November,47,Tuesday,1,False,False,Autumn,False,True
324,20241120,2024-11-20,2024,Q4,11,November,47,Wednesday,2,False,False,Autumn,False,True
325,20241121,2024-11-21,2024,Q4,11,November,47,Thursday,3,False,False,Autumn,False,True
326,20241122,2024-11-22,2024,Q4,11,November,47,Friday,4,False,False,Autumn,False,True
327,20241123,2024-11-23,2024,Q4,11,November,47,Saturday,5,True,False,Autumn,False,True
328,20241124,2024-11-24,2024,Q4,11,November,47,Sunday,6,True,False,Autumn,False,True
329,20241125,2024-11-25,2024,Q4,11,November,48,Monday,0,False,False,Autumn,False,True
330,20241126,2024-11-26,2024,Q4,11,November,48,Tuesday,1,False,False,Autumn,False,True
331,20241127,2024-11-27,2024,Q4,11,November,48,Wednesday,2,False,False,Autumn,False,True
332,20241128,2024-11-28,2024,Q4,11,November,48,Thursday,3,False,False,Autumn,False,True
333,20241129,2024-11-29,2024,Q4,11,November,48,Friday,4,False,False,Autumn,False,True
334,20241130,2024-11-30,2024,Q4,11,November,48,Saturday,5,True,False,Autumn,False,True
335,20241201,2024-12-01,2024,Q4,12,December,48,Sunday,6,True,False,Winter,True,True
336,20241202,2024-12-02,2024,Q4,12,December,49,Monday,0,False,False,Winter,True,True
337,20241203,2024-12-03,2024,Q4,12,December,49,Tuesday,1,False,False,Winter,True,True
338,20241204,2024-12-04,2024,Q4,12,December,49,Wednesday,2,False,False,Winter,True,True
339,20241205,2024-12-05,2024,Q4,12,December,49,Thursday,3,False,False,Winter,True,True
340,20241206,2024-12-06,2024,Q4,12,December,49,Friday,4,False,False,Winter,True,True
341,20241207,2024-12-07,2024,Q4,12,December,49,Saturday,5,True,False,Winter,True,True
342,20241208,2024-12-08,2024,Q4,12,December,49,Sunday,6,True,False,Winter,True,True
343,20241209,2024-12-09,2024,Q4,12,December,50,Monday,0,False,False,Winter,True,True
344,20241210,2024-12-10,2024,Q4,12,December,50,Tuesday,1,False,False,Winter,True,True
345,20241211,2024-12-11,2024,Q4,12,December,50,Wednesday,2,False,False,Winter,True,True
346,20241212,2024-12-12,2024,Q4,12,December,50,Thursday,3,False,False,Winter,True,True
347,20241213,2024-12-13,2024,Q4,12,December,50,Friday,4,False,False,Winter,True,True
348,20241214,2024-12-14,2024,Q4,12,December,50,Saturday,5,True,False,Winter,True,True
349,20241215,2024-12-15,2024,Q4,12,December,50,Sunday,6,True,False,Winter,True,True
350,20241216,2024-12-16,2024,Q4,12,December,51,Monday,0,False,False,Winter,True,True
351,20241217,2024-12-17,2024,Q4,12,December,51,Tuesday,1,False,False,Winter,True,True
352,20241218,2024-12-18,2024,Q4,12,December,51,Wednesday,2,False,False,Winter,True,True
353,20241219,2024-12-19,2024,Q4,12,December,51,Thursday,3,False,False,Winter,True,True
354,20241220,2024-12-20,2024,Q4,12,December,51,Friday,4,False,False,Winter,True,True
355,20241221,2024-12-21,2024,Q4,12,December,51,Saturday,5,True,False,Winter,True,True
356,20241222,2024-12-22,2024,Q4,12,December,51,Sunday,6,True,False,Winter,True,True
357,20241223,2024-12-23,2024,Q4,12,December,52,Monday,0,False,False,Winter,True,True
358,20241224,2024-12-24,2024,Q4,12,December,52,Tuesday,1,False,False,Winter,True,True
359,20241225,2024-12-25,2024,Q4,12,December,52,Wednesday,2,False,True,Winter,True,True
360,20241226,2024-12-26,2024,Q4,12,December,52,Thursday,3,False,True,Winter,True,True
361,20241227,2024-12-27,2024,Q4,12,December,52,Friday,4,False,False,Winter,True,True
362,20241228,2024-12-28,2024,Q4,12,December,52,Saturday,5,True,False,Winter,True,True
363,20241229,2024-12-29,2024,Q4,12,December,52,Sunday,6,True,False,Winter,True,True
364,20241230,2024-12-30,2024,Q4,12,December,1,Monday,0,False,False,Winter,True,True
365,20241231,2024-12-31,2024,Q4,12,December,1,Tuesday,1,False,False,Winter,True,True
366,20250101,2025-01-01,2025,Q1,1,January,1,Wednesday,2,False,True,Winter,True,True
367,20250102,2025-01-02,2025,Q1,1,January,1,Thursday,3,False,False,Winter,True,True
368,20250103,2025-01-03,2025,Q1,1,January,1,Friday,4,False,False,Winter,True,True
369,20250104,2025-01-04,2025,Q1,1,January,1,Saturday,5,True,False,Winter,True,True
370,20250105,2025-01-05,2025,Q1,1,January,1,Sunday,6,True,False,Winter,True,True
371,20250106,2025-01-06,2025,Q1,1,January,2,Monday,0,False,False,Winter,True,True
372,20250107,2025-01-07,2025,Q1,1,January,2,Tuesday,1,False,False,Winter,True,True
373,20250108,2025-01-08,2025,Q1,1,January,2,Wednesday,2,False,False,Winter,True,True
374,20250109,2025-01-09,2025,Q1,1,January,2,Thursday,3,False,False,Winter,True,True
375,20250110,2025-01-10,2025,Q1,1,January,2,Friday,4,False,False,Winter,True,True
376,20250111,2025-01-11,2025,Q1,1,January,2,Saturday,5,True,False,Winter,True,True
377,20250112,2025-01-12,2025,Q1,1,January,2,Sunday,6,True,False,Winter,True,True
378,20250113,2025-01-13,2025,Q1,1,January,3,Monday,0,False,False,Winter,True,True
379,20250114,2025-01-14,2025,Q1,1,January,3,Tuesday,1,False,False,Winter,True,True
380,20250115,2025-01-15,2025,Q1,1,January,3,Wednesday,2,False,False,Winter,True,True
381,20250116,2025-01-16,2025,Q1,1,January,3,Thursday,3,False,False,Winter,True,True
382,20250117,2025-01-17,2025,Q1,1,January,3,Friday,4,False,False,Winter,True,True
383,20250118,2025-01-18,2025,Q1,1,January,3,Saturday,5,True,False,Winter,True,True
384,20250119,2025-01-19,2025,Q1,1,January,3,Sunday,6,True,False,Winter,True,True
385,20250120,2025-01-20,2025,Q1,1,January,4,Monday,0,False,False,Winter,True,True
386,20250121,2025-01-21,2025,Q1,1,January,4,Tuesday,1,False,False,Winter,True,True
387,20250122,2025-01-22,2025,Q1,1,January,4,Wednesday,2,False,False,Winter,True,True
388,20250123,2025-01-23,2025,Q1,1,January,4,Thursday,3,False,False,Winter,True,True
389,20250124,2025-01-24,2025,Q1,1,January,4,Friday,4,False,False,Winter,True,True
390,20250125,2025-01-25,2025,Q1,1,January,4,Saturday,5,True,False,Winter,True,True
391,20250126,2025-01-26,2025,Q1,1,January,4,Sunday,6,True,False,Winter,True,True
392,20250127,2025-01-27,2025,Q1,1,January,5,Monday,0,False,False,Winter,True,True
393,20250128,2025-01-28,2025,Q1,1,January,5,Tuesday,1,False,False,Winter,True,True
394,20250129,2025-01-29,2025,Q1,1,January,5,Wednesday,2,False,False,Winter,True,True
395,20250130,2025-01-30,2025,Q1,1,January,5,Thursday,3,False,False,Winter,True,True
396,20250131,2025-01-31,2025,Q1,1,January,5,Friday,4,False,False,Winter,True,True
397,20250201,2025-02-01,2025,Q1,2,February,5,Saturday,5,True,False,Winter,True,True
398,20250202,2025-02-02,2025,Q1,2,February,5,Sunday,6,True,False,Winter,True,True
399,20250203,2025-02-03,2025,Q1,2,February,6,Monday,0,False,False,Winter,True,True
400,20250204,2025-02-04,2025,Q1,2,February,6,Tuesday,1,False,False,Winter,True,True
401,20250205,2025-02-05,2025,Q1,2,February,6,Wednesday,2,False,False,Winter,True,True
402,20250206,2025-02-06,2025,Q1,2,February,6,Thursday,3,False,False,Winter,True,True
403,20250207,2025-02-07,2025,Q1,2,February,6,Friday,4,False,False,Winter,True,True
404,20250208,2025-02-08,2025,Q1,2,February,6,Saturday,5,True,False,Winter,True,True
405,20250209,2025-02-09,2025,Q1,2,February,6,Sunday,6,True,False,Winter,True,True
406,20250210,2025-02-10,2025,Q1,2,February,7,Monday,0,False,False,Winter,True,True
407,20250211,2025-02-11,2025,Q1,2,February,7,Tuesday,1,False,False,Winter,True,True
408,20250212,2025-02-12,2025,Q1,2,February,7,Wednesday,2,False,False,Winter,True,True
409,20250213,2025-02-13,2025,Q1,2,February,7,Thursday,3,False,False,Winter,True,True
410,20250214,2025-02-14,2025,Q1,2,February,7,Friday,4,False,False,Winter,True,True
411,20250215,2025-02-15,2025,Q1,2,February,7,Saturday,5,True,False,Winter,True,True
412,20250216,2025-02-16,2025,Q1,2,February,7,Sunday,6,True,False,Winter,True,True
413,20250217,2025-02-17,2025,Q1,2,February,8,Monday,0,False,False,Winter,True,True
414,20250218,2025-02-18,2025,Q1,2,February,8,Tuesday,1,False,False,Winter,True,True
415,20250219,2025-02-19,2025,Q1,2,February,8,Wednesday,2,False,False,Winter,True,True
416,20250220,2025-02-20,2025,Q1,2,February,8,Thursday,3,False,False,Winter,True,True
417,20250221,2025-02-21,2025,Q1,2,February,8,Friday,4,False,False,Winter,True,True
418,20250222,2025-02-22,2025,Q1,2,February,8,Saturday,5,True,False,Winter,True,True
419,20250223,2025-02-23,2025,Q1,2,February,8,Sunday,6,True,False,Winter,True,True
420,20250224,2025-02-24,2025,Q1,2,February,9,Monday,0,False,False,Winter,True,True
421,20250225,2025-02-25,2025,Q1,2,February,9,Tuesday,1,False,False,Winter,True,True
422,20250226,2025-02-26,2025,Q1,2,February,9,Wednesday,2,False,False,Winter,True,True
423,20250227,2025-02-27,2025,Q1,2,February,9,Thursday,3,False,False,Winter,True,True
424,20250228,2025-02-28,2025,Q1,2,February,9,Friday,4,False,False,Winter,True,True
425,20250301,2025-03-01,2025,Q1,3,March,9,Saturday,5,True,False,Spring,False,True
426,20250302,2025-03-02,2025,Q1,3,March,9,Sunday,6,True,False,Spring,False,True
427,20250303,2025-03-03,2025,Q1,3,March,10,Monday,0,False,False,Spring,False,True
428,20250304,2025-03-04,2025,Q1,3,March,10,Tuesday,1,False,False,Spring,False,True
429,20250305,2025-03-05,2025,Q1,3,March,10,Wednesday,2,False,False,Spring,False,True
430,20250306,2025-03-06,2025,Q1,3,March,10,Thursday,3,False,False,Spring,False,True
431,20250307,2025-03-07,2025,Q1,3,March,10,Friday,4,False,False,Spring,False,True
432,20250308,2025-03-08,2025,Q1,3,March,10,Saturday,5,True,False,Spring,False,True
433,20250309,2025-03-09,2025,Q1,3,March,10,Sunday,6,True,False,Spring,False,True
434,20250310,2025-03-10,2025,Q1,3,March,11,Monday,0,False,False,Spring,False,True
435,20250311,2025-03-11,2025,Q1,3,March,11,Tuesday,1,False,False,Spring,False,True
436,20250312,2025-03-12,2025,Q1,3,March,11,Wednesday,2,False,False,Spring,False,True
437,20250313,2025-03-13,2025,Q1,3,March,11,Thursday,3,False,False,Spring,False,True
438,20250314,2025-03-14,2025,Q1,3,March,11,Friday,4,False,False,Spring,False,True
439,20250315,2025-03-15,2025,Q1,3,March,11,Saturday,5,True,False,Spring,False,True
440,20250316,2025-03-16,2025,Q1,3,March,11,Sunday,6,True,False,Spring,False,True
441,20250317,2025-03-17,2025,Q1,3,March,12,Monday,0,False,False,Spring,False,True
442,20250318,2025-03-18,2025,Q1,3,March,12,Tuesday,1,False,False,Spring,False,True
443,20250319,2025-03-19,2025,Q1,3,March,12,Wednesday,2,False,False,Spring,False,True
444,20250320,2025-03-20,2025,Q1,3,March,12,Thursday,3,False,False,Spring,False,True
445,20250321,2025-03-21,2025,Q1,3,March,12,Friday,4,False,False,Spring,False,True
446,20250322,2025-03-22,2025,Q1,3,March,12,Saturday,5,True,False,Spring,False,True
447,20250323,2025-03-23,2025,Q1,3,March,12,Sunday,6,True,False,Spring,False,True
448,20250324,2025-03-24,2025,Q1,3,March,13,Monday,0,False,False,Spring,False,True
449,20250325,2025-03-25,2025,Q1,3,March,13,Tuesday,1,False,False,Spring,False,True
450,20250326,2025-03-26,2025,Q1,3,March,13,Wednesday,2,False,False,Spring,False,True
451,20250327,2025-03-27,2025,Q1,3,March,13,Thursday,3,False,False,Spring,False,True
452,20250328,2025-03-28,2025,Q1,3,March,13,Friday,4,False,False,Spring,False,True
453,20250329,2025-03-29,2025,Q1,3,March,13,Saturday,5,True,False,Spring,False,True
454,20250330,2025-03-30,2025,Q1,3,March,13,Sunday,6,True,False,Spring,False,True
455,20250331,2025-03-31,2025,Q1,3,March,14,Monday,0,False,False,Spring,False,True
456,20250401,2025-04-01,2025,Q2,4,April,14,Tuesday,1,False,False,Spring,False,False
457,20250402,2025-04-02,2025,Q2,4,April,14,Wednesday,2,False,False,Spring,False,False
458,20250403,2025-04-03,2025,Q2,4,April,14,Thursday,3,False,False,Spring,False,False
459,20250404,2025-04-04,2025,Q2,4,April,14,Friday,4,False,False,Spring,False,False
460,20250405,2025-04-05,2025,Q2,4,April,14,Saturday,5,True,False,Spring,False,False
461,20250406,2025-04-06,2025,Q2,4,April,14,Sunday,6,True,False,Spring,False,False
462,20250407,2025-04-07,2025,Q2,4,April,15,Monday,0,False,False,Spring,False,False
463,20250408,2025-04-08,2025,Q2,4,April,15,Tuesday,1,False,False,Spring,False,False
464,20250409,2025-04-09,2025,Q2,4,April,15,Wednesday,2,False,False,Spring,False,False
465,20250410,2025-04-10,2025,Q2,4,April,15,Thursday,3,False,False,Spring,False,False
466,20250411,2025-04-11,2025,Q2,4,April,15,Friday,4,False,False,Spring,False,False
467,20250412,2025-04-12,2025,Q2,4,April,15,Saturday,5,True,False,Spring,False,False
468,20250413,2025-04-13,2025,Q2,4,April,15,Sunday,6,True,False,Spring,False,False
469,20250414,2025-04-14,2025,Q2,4,April,16,Monday,0,False,False,Spring,False,False
470,20250415,2025-04-15,2025,Q2,4,April,16,Tuesday,1,False,False,Spring,False,False
471,20250416,2025-04-16,2025,Q2,4,April,16,Wednesday,2,False,False,Spring,False,False
472,20250417,2025-04-17,2025,Q2,4,April,16,Thursday,3,False,False,Spring,False,False
473,20250418,2025-04-18,2025,Q2,4,April,16,Friday,4,False,False,Spring,False,False
474,20250419,2025-04-19,2025,Q2,4,April,16,Saturday,5,True,False,Spring,False,False
475,20250420,2025-04-20,2025,Q2,4,April,16,Sunday,6,True,False,Spring,False,False
476,20250421,2025-04-21,2025,Q2,4,April,17,Monday,0,False,False,Spring,False,False
477,20250422,2025-04-22,2025,Q2,4,April,17,Tuesday,1,False,False,Spring,False,False
478,20250423,2025-04-23,2025,Q2,4,April,17,Wednesday,2,False,False,Spring,False,False
479,20250424,2025-04-24,2025,Q2,4,April,17,Thursday,3,False,False,Spring,False,False
480,20250425,2025-04-25,2025,Q2,4,April,17,Friday,4,False,False,Spring,False,False
481,20250426,2025-04-26,2025,Q2,4,April,17,Saturday,5,True,False,Spring,False,False
482,20250427,2025-04-27,2025,Q2,4,April,17,Sunday,6,True,False,Spring,False,False
483,20250428,2025-04-28,2025,Q2,4,April,18,Monday,0,False,False,Spring,False,False
484,20250429,2025-04-29,2025,Q2,4,April,18,Tuesday,1,False,False,Spring,False,False
485,20250430,2025-04-30,2025,Q2,4,April,18,Wednesday,2,False,False,Spring,False,False
486,20250501,2025-05-01,2025,Q2,5,May,18,Thursday,3,False,False,Spring,False,False
487,20250502,2025-05-02,2025,Q2,5,May,18,Friday,4,False,False,Spring,False,False
488,20250503,2025-05-03,2025,Q2,5,May,18,Saturday,5,True,False,Spring,False,False
489,20250504,2025-05-04,2025,Q2,5,May,18,Sunday,6,True,False,Spring,False,False
490,20250505,2025-05-05,2025,Q2,5,May,19,Monday,0,False,False,Spring,False,False
491,20250506,2025-05-06,2025,Q2,5,May,19,Tuesday,1,False,False,Spring,False,False
492,20250507,2025-05-07,2025,Q2,5,May,19,Wednesday,2,False,False,Spring,False,False
493,20250508,2025-05-08,2025,Q2,5,May,19,Thursday,3,False,False,Spring,False,False
494,20250509,2025-05-09,2025,Q2,5,May,19,Friday,4,False,False,Spring,False,False
495,20250510,2025-05-10,2025,Q2,5,May,19,Saturday,5,True,False,Spring,False,False
496,20250511,2025-05-11,2025,Q2,5,May,19,Sunday,6,True,False,Spring,False,False
497,20250512,2025-05-12,2025,Q2,5,May,20,Monday,0,False,False,Spring,False,False
498,20250513,2025-05-13,2025,Q2,5,May,20,Tuesday,1,False,False,Spring,False,False
499,20250514,2025-05-14,2025,Q2,5,May,20,Wednesday,2,False,False,Spring,False,False
500,20250515,2025-05-15,2025,Q2,5,May,20,Thursday,3,False,False,Spring,False,False
501,20250516,2025-05-16,2025,Q2,5,May,20,Friday,4,False,False,Spring,False,False
502,20250517,2025-05-17,2025,Q2,5,May,20,Saturday,5,True,False,Spring,False,False
503,20250518,2025-05-18,2025,Q2,5,May,20,Sunday,6,True,False,Spring,False,False
504,20250519,2025-05-19,2025,Q2,5,May,21,Monday,0,False,False,Spring,False,False
505,20250520,2025-05-20,2025,Q2,5,May,21,Tuesday,1,False,False,Spring,False,False
506,20250521,2025-05-21,2025,Q2,5,May,21,Wednesday,2,False,False,Spring,False,False
507,20250522,2025-05-22,2025,Q2,5,May,21,Thursday,3,False,False,Spring,False,False
508,20250523,2025-05-23,2025,Q2,5,May,21,Friday,4,False,False,Spring,False,False
509,20250524,2025-05-24,2025,Q2,5,May,21,Saturday,5,True,False,Spring,False,False
510,20250525,2025-05-25,2025,Q2,5,May,21,Sunday,6,True,False,Spring,False,False
511,20250526,2025-05-26,2025,Q2,5,May,22,Monday,0,False,False,Spring,False,False
512,20250527,2025-05-27,2025,Q2,5,May,22,Tuesday,1,False,True,Spring,False,False
513,20250528,2025-05-28,2025,Q2,5,May,22,Wednesday,2,False,False,Spring,False,False
514,20250529,2025-05-29,2025,Q2,5,May,22,Thursday,3,False,False,Spring,False,False
515,20250530,2025-05-30,2025,Q2,5,May,22,Friday,4,False,False,Spring,False,False
516,20250531,2025-05-31,2025,Q2,5,May,22,Saturday,5,True,False,Spring,False,False
517,20250601,2025-06-01,2025,Q2,6,June,22,Sunday,6,True,False,Summer,False,False
518,20250602,2025-06-02,2025,Q2,6,June,23,Monday,0,False,False,Summer,False,False
519,20250603,2025-06-03,2025,Q2,6,June,23,Tuesday,1,False,False,Summer,False,False
520,20250604,2025-06-04,2025,Q2,6,June,23,Wednesday,2,False,False,Summer,False,False
521,20250605,2025-06-05,2025,Q2,6,June,23,Thursday,3,False,False,Summer,False,False
522,20250606,2025-06-06,2025,Q2,6,June,23,Friday,4,False,False,Summer,False,False
523,20250607,2025-06-07,2025,Q2,6,June,23,Saturday,5,True,False,Summer,False,False
524,20250608,2025-06-08,2025,Q2,6,June,23,Sunday,6,True,False,Summer,False,False
525,20250609,2025-06-09,2025,Q2,6,June,24,Monday,0,False,False,Summer,False,False
526,20250610,2025-06-10,2025,Q2,6,June,24,Tuesday,1,False,False,Summer,False,False
527,20250611,2025-06-11,2025,Q2,6,June,24,Wednesday,2,False,False,Summer,False,False
528,20250612,2025-06-12,2025,Q2,6,June,24,Thursday,3,False,False,Summer,False,False
529,20250613,2025-06-13,2025,Q2,6,June,24,Friday,4,False,False,Summer,False,False
530,20250614,2025-06-14,2025,Q2,6,June,24,Saturday,5,True,False,Summer,False,False
531,20250615,2025-06-15,2025,Q2,6,June,24,Sunday,6,True,False,Summer,False,False
532,20250616,2025-06-16,2025,Q2,6,June,25,Monday,0,False,False,Summer,False,False
533,20250617,2025-06-17,2025,Q2,6,June,25,Tuesday,1,False,False,Summer,False,False
534,20250618,2025-06-18,2025,Q2,6,June,25,Wednesday,2,False,False,Summer,False,False
535,20250619,2025-06-19,2025,Q2,6,June,25,Thursday,3,False,False,Summer,False,False
536,20250620,2025-06-20,2025,Q2,6,June,25,Friday,4,False,False,Summer,False,False
537,20250621,2025-06-21,2025,Q2,6,June,25,Saturday,5,True,False,Summer,False,False
538,20250622,2025-06-22,2025,Q2,6,June,25,Sunday,6,True,False,Summer,False,False
539,20250623,2025-06-23,2025,Q2,6,June,26,Monday,0,False,False,Summer,False,False
540,20250624,2025-06-24,2025,Q2,6,June,26,Tuesday,1,False,False,Summer,False,False
541,20250625,2025-06-25,2025,Q2,6,June,26,Wednesday,2,False,False,Summer,False,False
542,20250626,2025-06-26,2025,Q2,6,June,26,Thursday,3,False,False,Summer,False,False
543,20250627,2025-06-27,2025,Q2,6,June,26,Friday,4,False,False,Summer,False,False
544,20250628,2025-06-28,2025,Q2,6,June,26,Saturday,5,True,False,Summer,False,False
545,20250629,2025-06-29,2025,Q2,6,June,26,Sunday,6,True,False,Summer,False,False
546,20250630,2025-06-30,2025,Q2,6,June,27,Monday,0,False,False,Summer,False,False
547,20250701,2025-07-01,2025,Q3,7,July,27,Tuesday,1,False,False,Summer,False,False
548,20250702,2025-07-02,2025,Q3,7,July,27,Wednesday,2,False,False,Summer,False,False
549,20250703,2025-07-03,2025,Q3,7,July,27,Thursday,3,False,False,Summer,False,False
550,20250704,2025-07-04,2025,Q3,7,July,27,Friday,4,False,True,Summer,False,False
551,20250705,2025-07-05,2025,Q3,7,July,27,Saturday,5,True,False,Summer,False,False
552,20250706,2025-07-06,2025,Q3,7,July,27,Sunday,6,True,False,Summer,False,False
553,20250707,2025-07-07,2025,Q3,7,July,28,Monday,0,False,False,Summer,False,False
554,20250708,2025-07-08,2025,Q3,7,July,28,Tuesday,1,False,False,Summer,False,False
555,20250709,2025-07-09,2025,Q3,7,July,28,Wednesday,2,False,False,Summer,False,False
556,20250710,2025-07-10,2025,Q3,7,July,28,Thursday,3,False,False,Summer,False,False
557,20250711,2025-07-11,2025,Q3,7,July,28,Friday,4,False,False,Summer,False,False
558,20250712,2025-07-12,2025,Q3,7,July,28,Saturday,5,True,False,Summer,False,False
559,20250713,2025-07-13,2025,Q3,7,July,28,Sunday,6,True,False,Summer,False,False
560,20250714,2025-07-14,2025,Q3,7,July,29,Monday,0,False,False,Summer,False,False
561,20250715,2025-07-15,2025,Q3,7,July,29,Tuesday,1,False,False,Summer,False,False
562,20250716,2025-07-16,2025,Q3,7,July,29,Wednesday,2,False,False,Summer,False,False
563,20250717,2025-07-17,2025,Q3,7,July,29,Thursday,3,False,False,Summer,False,False
564,20250718,2025-07-18,2025,Q3,7,July,29,Friday,4,False,False,Summer,False,False
565,20250719,2025-07-19,2025,Q3,7,July,29,Saturday,5,True,False,Summer,False,False
566,20250720,2025-07-20,2025,Q3,7,July,29,Sunday,6,True,False,Summer,False,False
567,20250721,2025-07-21,2025,Q3,7,July,30,Monday,0,False,False,Summer,False,False
568,20250722,2025-07-22,2025,Q3,7,July,30,Tuesday,1,False,False,Summer,False,False
569,20250723,2025-07-23,2025,Q3,7,July,30,Wednesday,2,False,False,Summer,False,False
570,20250724,2025-07-24,2025,Q3,7,July,30,Thursday,3,False,False,Summer,False,False
571,20250725,2025-07-25,2025,Q3,7,July,30,Friday,4,False,False,Summer,False,False
572,20250726,2025-07-26,2025,Q3,7,July,30,Saturday,5,True,False,Summer,False,False
573,20250727,2025-07-27,2025,Q3,7,July,30,Sunday,6,True,False,Summer,False,False
574,20250728,2025-07-28,2025,Q3,7,July,31,Monday,0,False,False,Summer,False,False
575,20250729,2025-07-29,2025,Q3,7,July,31,Tuesday,1,False,False,Summer,False,False
576,20250730,2025-07-30,2025,Q3,7,July,31,Wednesday,2,False,False,Summer,False,False
577,20250731,2025-07-31,2025,Q3,7,July,31,Thursday,3,False,False,Summer,False,False
578,20250801,2025-08-01,2025,Q3,8,August,31,Friday,4,False,False,Summer,False,False
579,20250802,2025-08-02,2025,Q3,8,August,31,Saturday,5,True,False,Summer,False,False
580,20250803,2025-08-03,2025,Q3,8,August,31,Sunday,6,True,False,Summer,False,False
581,20250804,2025-08-04,2025,Q3,8,August,32,Monday,0,False,False,Summer,False,False
582,20250805,2025-08-05,2025,Q3,8,August,32,Tuesday,1,False,False,Summer,False,False
583,20250806,2025-08-06,2025,Q3,8,August,32,Wednesday,2,False,False,Summer,False,False
584,20250807,2025-08-07,2025,Q3,8,August,32,Thursday,3,False,False,Summer,False,False
585,20250808,2025-08-08,2025,Q3,8,August,32,Friday,4,False,False,Summer,False,False
586,20250809,2025-08-09,2025,Q3,8,August,32,Saturday,5,True,False,Summer,False,False
587,20250810,2025-08-10,2025,Q3,8,August,32,Sunday,6,True,False,Summer,False,False
588,20250811,2025-08-11,2025,Q3,8,August,33,Monday,0,False,False,Summer,False,False
589,20250812,2025-08-12,2025,Q3,8,August,33,Tuesday,1,False,False,Summer,False,False
590,20250813,2025-08-13,2025,Q3,8,August,33,Wednesday,2,False,False,Summer,False,False
591,20250814,2025-08-14,2025,Q3,8,August,33,Thursday,3,False,False,Summer,False,False
592,20250815,2025-08-15,2025,Q3,8,August,33,Friday,4,False,False,Summer,False,False
593,20250816,2025-08-16,2025,Q3,8,August,33,Saturday,5,True,False,Summer,False,False
594,20250817,2025-08-17,2025,Q3,8,August,33,Sunday,6,True,False,Summer,False,False
595,20250818,2025-08-18,2025,Q3,8,August,34,Monday,0,False,False,Summer,False,False
596,20250819,2025-08-19,2025,Q3,8,August,34,Tuesday,1,False,False,Summer,False,False
597,20250820,2025-08-20,2025,Q3,8,August,34,Wednesday,2,False,False,Summer,False,False
598,20250821,2025-08-21,2025,Q3,8,August,34,Thursday,3,False,False,Summer,False,False
599,20250822,2025-08-22,2025,Q3,8,August,34,Friday,4,False,False,Summer,False,False
600,20250823,2025-08-23,2025,Q3,8,August,34,Saturday,5,True,False,Summer,False,False
601,20250824,2025-08-24,2025,Q3,8,August,34,Sunday,6,True,False,Summer,False,False
602,20250825,2025-08-25,2025,Q3,8,August,35,Monday,0,False,False,Summer,False,False
603,20250826,2025-08-26,2025,Q3,8,August,35,Tuesday,1,False,False,Summer,False,False
604,20250827,2025-08-27,2025,Q3,8,August,35,Wednesday,2,False,False,Summer,False,False
605,20250828,2025-08-28,2025,Q3,8,August,35,Thursday,3,False,False,Summer,False,False
606,20250829,2025-08-29,2025,Q3,8,August,35,Friday,4,False,False,Summer,False,False
607,20250830,2025-08-30,2025,Q3,8,August,35,Saturday,5,True,False,Summer,False,False
608,20250831,2025-08-31,2025,Q3,8,August,35,Sunday,6,True,False,Summer,False,False
609,20250901,2025-09-01,2025,Q3,9,September,36,Monday,0,False,False,Autumn,False,False
610,20250902,2025-09-02,2025,Q3,9,September,36,Tuesday,1,False,True,Autumn,False,False
611,20250903,2025-09-03,2025,Q3,9,September,36,Wednesday,2,False,False,Autumn,False,False
612,20250904,2025-09-04,2025,Q3,9,September,36,Thursday,3,False,False,Autumn,False,False
613,20250905,2025-09-05,2025,Q3,9,September,36,Friday,4,False,False,Autumn,False,False
614,20250906,2025-09-06,2025,Q3,9,September,36,Saturday,5,True,False,Autumn,False,False
615,20250907,2025-09-07,2025,Q3,9,September,36,Sunday,6,True,False,Autumn,False,False
616,20250908,2025-09-08,2025,Q3,9,September,37,Monday,0,False,False,Autumn,False,False
617,20250909,2025-09-09,2025,Q3,9,September,37,Tuesday,1,False,False,Autumn,False,False
618,20250910,2025-09-10,2025,Q3,9,September,37,Wednesday,2,False,False,Autumn,False,False
619,20250911,2025-09-11,2025,Q3,9,September,37,Thursday,3,False,False,Autumn,False,False
620,20250912,2025-09-12,2025,Q3,9,September,37,Friday,4,False,False,Autumn,False,False
621,20250913,2025-09-13,2025,Q3,9,September,37,Saturday,5,True,False,Autumn,False,False
622,20250914,2025-09-14,2025,Q3,9,September,37,Sunday,6,True,False,Autumn,False,False
623,20250915,2025-09-15,2025,Q3,9,September,38,Monday,0,False,False,Autumn,False,False
624,20250916,2025-09-16,2025,Q3,9,September,38,Tuesday,1,False,False,Autumn,False,False
625,20250917,2025-09-17,2025,Q3,9,September,38,Wednesday,2,False,False,Autumn,False,False
626,20250918,2025-09-18,2025,Q3,9,September,38,Thursday,3,False,False,Autumn,False,False
627,20250919,2025-09-19,2025,Q3,9,September,38,Friday,4,False,False,Autumn,False,False
628,20250920,2025-09-20,2025,Q3,9,September,38,Saturday,5,True,False,Autumn,False,False
629,20250921,2025-09-21,2025,Q3,9,September,38,Sunday,6,True,False,Autumn,False,False
630,20250922,2025-09-22,2025,Q3,9,September,39,Monday,0,False,False,Autumn,False,False
631,20250923,2025-09-23,2025,Q3,9,September,39,Tuesday,1,False,False,Autumn,False,False
632,20250924,2025-09-24,2025,Q3,9,September,39,Wednesday,2,False,False,Autumn,False,False
633,20250925,2025-09-25,2025,Q3,9,September,39,Thursday,3,False,False,Autumn,False,False
634,20250926,2025-09-26,2025,Q3,9,September,39,Friday,4,False,False,Autumn,False,False
635,20250927,2025-09-27,2025,Q3,9,September,39,Saturday,5,True,False,Autumn,False,False
636,20250928,2025-09-28,2025,Q3,9,September,39,Sunday,6,True,False,Autumn,False,False
637,20250929,2025-09-29,2025,Q3,9,September,40,Monday,0,False,False,Autumn,False,False
638,20250930,2025-09-30,2025,Q3,9,September,40,Tuesday,1,False,False,Autumn,False,False
639,20251001,2025-10-01,2025,Q4,10,October,40,Wednesday,2,False,False,Autumn,False,False
640,20251002,2025-10-02,2025,Q4,10,October,40,Thursday,3,False,False,Autumn,False,False
641,20251003,2025-10-03,2025,Q4,10,October,40,Friday,4,False,False,Autumn,False,False
642,20251004,2025-10-04,2025,Q4,10,October,40,Saturday,5,True,False,Autumn,False,False
643,20251005,2025-10-05,2025,Q4,10,October,40,Sunday,6,True,False,Autumn,False,False
644,20251006,2025-10-06,2025,Q4,10,October,41,Monday,0,False,False,Autumn,False,False
645,20251007,2025-10-07,2025,Q4,10,October,41,Tuesday,1,False,False,Autumn,False,False
646,20251008,2025-10-08,2025,Q4,10,October,41,Wednesday,2,False,False,Autumn,False,False
647,20251009,2025-10-09,2025,Q4,10,October,41,Thursday,3,False,False,Autumn,False,False
648,20251010,2025-10-10,2025,Q4,10,October,41,Friday,4,False,False,Autumn,False,False
649,20251011,2025-10-11,2025,Q4,10,October,41,Saturday,5,True,False,Autumn,False,False
650,20251012,2025-10-12,2025,Q4,10,October,41,Sunday,6,True,False,Autumn,False,False
651,20251013,2025-10-13,2025,Q4,10,October,42,Monday,0,False,False,Autumn,False,False
652,20251014,2025-10-14,2025,Q4,10,October,42,Tuesday,1,False,False,Autumn,False,False
653,20251015,2025-10-15,2025,Q4,10,October,42,Wednesday,2,False,False,Autumn,False,False
654,20251016,2025-10-16,2025,Q4,10,October,42,Thursday,3,False,False,Autumn,False,False
655,20251017,2025-10-17,2025,Q4,10,October,42,Friday,4,False,False,Autumn,False,False
656,20251018,2025-10-18,2025,Q4,10,October,42,Saturday,5,True,False,Autumn,False,False
657,20251019,2025-10-19,2025,Q4,10,October,42,Sunday,6,True,False,Autumn,False,False
658,20251020,2025-10-20,2025,Q4,10,October,43,Monday,0,False,False,Autumn,False,False
659,20251021,2025-10-21,2025,Q4,10,October,43,Tuesday,1,False,False,Autumn,False,False
660,20251022,2025-10-22,2025,Q4,10,October,43,Wednesday,2,False,False,Autumn,False,False
661,20251023,2025-10-23,2025,Q4,10,October,43,Thursday,3,False,False,Autumn,False,False
662,20251024,2025-10-24,2025,Q4,10,October,43,Friday,4,False,False,Autumn,False,False
663,20251025,2025-10-25,2025,Q4,10,October,43,Saturday,5,True,False,Autumn,False,False
664,20251026,2025-10-26,2025,Q4,10,October,43,Sunday,6,True,False,Autumn,False,False
665,20251027,2025-10-27,2025,Q4,10,October,44,Monday,0,False,False,Autumn,False,False
666,20251028,2025-10-28,2025,Q4,10,October,44,Tuesday,1,False,False,Autumn,False,False
667,20251029,2025-10-29,2025,Q4,10,October,44,Wednesday,2,False,False,Autumn,False,False
668,20251030,2025-10-30,2025,Q4,10,October,44,Thursday,3,False,False,Autumn,False,False
669,20251031,2025-10-31,2025,Q4,10,October,44,Friday,4,False,False,Autumn,False,False
670,20251101,2025-11-01,2025,Q4,11,November,44,Saturday,5,True,False,Autumn,False,True
671,20251102,2025-11-02,2025,Q4,11,November,44,Sunday,6,True,False,Autumn,False,True
672,20251103,2025-11-03,2025,Q4,11,November,45,Monday,0,False,False,Autumn,False,True
673,20251104,2025-11-04,2025,Q4,11,November,45,Tuesday,1,False,False,Autumn,False,True
674,20251105,2025-11-05,2025,Q4,11,November,45,Wednesday,2,False,False,Autumn,False,True
675,20251106,2025-11-06,2025,Q4,11,November,45,Thursday,3,False,False,Autumn,False,True
676,20251107,2025-11-07,2025,Q4,11,November,45,Friday,4,False,False,Autumn,False,True
677,20251108,2025-11-08,2025,Q4,11,November,45,Saturday,5,True,False,Autumn,False,True
678,20251109,2025-11-09,2025,Q4,11,November,45,Sunday,6,True,False,Autumn,False,True
679,20251110,2025-11-10,2025,Q4,11,November,46,Monday,0,False,False,Autumn,False,True
680,20251111,2025-11-11,2025,Q4,11,November,46,Tuesday,1,False,True,Autumn,False,True
681,20251112,2025-11-12,2025,Q4,11,November,46,Wednesday,2,False,False,Autumn,False,True
682,20251113,2025-11-13,2025,Q4,11,November,46,Thursday,3,False,False,Autumn,False,True
683,20251114,2025-11-14,2025,Q4,11,November,46,Friday,4,False,False,Autumn,False,True
684,20251115,2025-11-15,2025,Q4,11,November,46,Saturday,5,True,False,Autumn,False,True
685,20251116,2025-11-16,2025,Q4,11,November,46,Sunday,6,True,False,Autumn,False,True
686,20251117,2025-11-17,2025,Q4,11,November,47,Monday,0,False,False,Autumn,False,True
687,20251118,2025-11-18,2025,Q4,11,November,47,Tuesday,1,False,False,Autumn,False,True
688,20251119,2025-11-19,2025,Q4,11,November,47,Wednesday,2,False,False,Autumn,False,True
689,20251120,2025-11-20,2025,Q4,11,November,47,Thursday,3,False,False,Autumn,False,True
690,20251121,2025-11-21,2025,Q4,11,November,47,Friday,4,False,False,Autumn,False,True
691,20251122,2025-11-22,2025,Q4,11,November,47,Saturday,5,True,False,Autumn,False,True
692,20251123,2025-11-23,2025,Q4,11,November,47,Sunday,6,True,False,Autumn,False,True
693,20251124,2025-11-24,2025,Q4,11,November,48,Monday,0,False,False,Autumn,False,True
694,20251125,2025-11-25,2025,Q4,11,November,48,Tuesday,1,False,False,Autumn,False,True
695,20251126,2025-11-26,2025,Q4,11,November,48,Wednesday,2,False,False,Autumn,False,True
696,20251127,2025-11-27,2025,Q4,11,November,48,Thursday,3,False,False,Autumn,False,True
697,20251128,2025-11-28,2025,Q4,11,November,48,Friday,4,False,False,Autumn,False,True
698,20251129,2025-11-29,2025,Q4,11,November,48,Saturday,5,True,False,Autumn,False,True
699,20251130,2025-11-30,2025,Q4,11,November,48,Sunday,6,True,False,Autumn,False,True
700,20251201,2025-12-01,2025,Q4,12,December,49,Monday,0,False,False,Winter,True,True
701,20251202,2025-12-02,2025,Q4,12,December,49,Tuesday,1,False,False,Winter,True,True
702,20251203,2025-12-03,2025,Q4,12,December,49,Wednesday,2,False,False,Winter,True,True
703,20251204,2025-12-04,2025,Q4,12,December,49,Thursday,3,False,False,Winter,True,True
704,20251205,2025-12-05,2025,Q4,12,December,49,Friday,4,False,False,Winter,True,True
705,20251206,2025-12-06,2025,Q4,12,December,49,Saturday,5,True,False,Winter,True,True
706,20251207,2025-12-07,2025,Q4,12,December,49,Sunday,6,True,False,Winter,True,True
707,20251208,2025-12-08,2025,Q4,12,December,50,Monday,0,False,False,Winter,True,True
708,20251209,2025-12-09,2025,Q4,12,December,50,Tuesday,1,False,False,Winter,True,True
709,20251210,2025-12-10,2025,Q4,12,December,50,Wednesday,2,False,False,Winter,True,True
710,20251211,2025-12-11,2025,Q4,12,December,50,Thursday,3,False,False,Winter,True,True
711,20251212,2025-12-12,2025,Q4,12,December,50,Friday,4,False,False,Winter,True,True
712,20251213,2025-12-13,2025,Q4,12,December,50,Saturday,5,True,False,Winter,True,True
713,20251214,2025-12-14,2025,Q4,12,December,50,Sunday,6,True,False,Winter,True,True
714,20251215,2025-12-15,2025,Q4,12,December,51,Monday,0,False,False,Winter,True,True
715,20251216,2025-12-16,2025,Q4,12,December,51,Tuesday,1,False,False,Winter,True,True
716,20251217,2025-12-17,2025,Q4,12,December,51,Wednesday,2,False,False,Winter,True,True
717,20251218,2025-12-18,2025,Q4,12,December,51,Thursday,3,False,False,Winter,True,True
718,20251219,2025-12-19,2025,Q4,12,December,51,Friday,4,False,False,Winter,True,True
719,20251220,2025-12-20,2025,Q4,12,December,51,Saturday,5,True,False,Winter,True,True
720,20251221,2025-12-21,2025,Q4,12,December,51,Sunday,6,True,False,Winter,True,True
721,20251222,2025-12-22,2025,Q4,12,December,52,Monday,0,False,False,Winter,True,True
722,20251223,2025-12-23,2025,Q4,12,December,52,Tuesday,1,False,False,Winter,True,True
723,20251224,2025-12-24,2025,Q4,12,December,52,Wednesday,2,False,False,Winter,True,True
724,20251225,2025-12-25,2025,Q4,12,December,52,Thursday,3,False,True,Winter,True,True
725,20251226,2025-12-26,2025,Q4,12,December,52,Friday,4,False,True,Winter,True,True
726,20251227,2025-12-27,2025,Q4,12,December,52,Saturday,5,True,False,Winter,True,True
727,20251228,2025-12-28,2025,Q4,12,December,52,Sunday,6,True,False,Winter,True,True
728,20251229,2025-12-29,2025,Q4,12,December,1,Monday,0,False,False,Winter,True,True
729,20251230,2025-12-30,2025,Q4,12,December,1,Tuesday,1,False,False,Winter,True,True
730,20251231,2025-12-31,2025,Q4,12,December,1,Wednesday,2,False,False,Winter,True,True
