Financial_Record_ID,Hospital_ID,Year,Month,Visit_Count,Operational_Cost,Staffing_Cost,Emergency_Department_Cost,ICU_Cost,Revenue,Profit_Margin,Government_Funding,Equipment_Investment,Expansion_Projects_Flag,Bed_Occupancy_Rate,Avg_Patient_Satisfaction,Readmission_Rate,Complaint_Rate,Mortality_Rate,Avg_Wait_Time_Minutes,Total_Overtime_Hours,Avg_Burnout_Index,Total_Staff_Absences,Hospital_Name,Latitude,Longitude
FIN000025,H10,2024,1,18419,74448406.57,4643854.02,50061631.44,5653563.0,110059257.79,0.22,8625283.64,222635.03,False,0.9344,53.97,0.1782,0.0182,0.0273,98.8,3584.8,0.552,1384,King's College Hospital NHS FT,51.4683,-0.0942
FIN000026,H08,2024,2,18290,73466987.83,4266093.94,49533881.43,5590237.5,109332106.88,0.22,9142699.73,0.0,False,0.9278,53.5,0.1847,0.0186,0.0294,105.3,3305.3,0.559,1260,King's College Hospital NHS FT,51.4683,-0.0942
FIN000027,H10,2024,3,14801,63252324.45,4899752.13,40991907.9,4724659.5,90494338.23,0.22,8809341.0,3100000.0,True,0.6704,54.78,0.1857,0.017,0.0293,89.3,3082.5,0.538,1187,King's College Hospital NHS FT,51.4683,-0.0942
FIN000028,H06,2024,4,9967,48416635.63,5109219.01,27965421.24,3179548.75,61861969.05,0.22,8887857.37,0.0,False,0.4514,56.93,0.1848,0.0143,0.0282,66.5,2593.7,0.522,1074,King's College Hospital NHS FT,51.4683,-0.0942
FIN000029,H11,2024,5,10157,50387812.09,5335693.65,28142865.74,3224605.5,62248545.75,0.22,8763047.61,371209.08,False,0.4601,56.89,0.1914,0.0141,0.027,66.4,2675.7,0.522,1071,King's College Hospital NHS FT,51.4683,-0.0942
FIN000030,H05,2024,6,10057,48605604.7,5157913.34,27678087.6,3029758.88,61112036.34,0.22,8753702.15,0.0,False,0.4555,56.78,0.1839,0.0145,0.0297,67.3,2867.0,0.527,1114,King's College Hospital NHS FT,51.4683,-0.0942
FIN000031,H10,2024,7,11149,54208351.08,5435286.02,30923603.8,3530031.25,68064484.94,0.22,8931722.02,0.0,False,0.505,56.7,0.1723,0.0144,0.0293,67.4,2819.6,0.524,1092,King's College Hospital NHS FT,51.4683,-0.0942
FIN000032,H10,2024,8,11565,53314111.72,5515738.0,31962222.49,3536247.25,70369976.81,0.22,8874316.02,0.0,False,0.5238,56.71,0.1853,0.0143,0.0323,68.3,3055.3,0.53,1160,King's College Hospital NHS FT,51.4683,-0.0942
FIN000033,H11,2024,9,10140,49469953.65,5303873.91,28888154.48,3184812.0,63582423.39,0.22,8762314.12,,False,0.4593,56.63,0.1822,0.0147,0.029,68.1,2777.8,0.53,1086,King's College Hospital NHS FT,51.4683,-0.0942
FIN000034,H03,2024,10,10705,52113623.09,5521373.7,29767254.26,3340378.5,65101538.36,0.22,8882219.9,0.0,False,0.4849,56.48,0.182,0.0145,0.029,69.3,2933.4,0.533,1139,King's College Hospital NHS FT,51.4683,-0.0942
FIN000035,H01,2024,11,11715,55279477.65,5328248.8,33270938.03,3801731.5,73265758.68,0.22,8969635.39,0.0,False,0.5306,56.61,0.1899,0.0147,0.0281,67.9,3084.6,0.542,1281,King's College Hospital NHS FT,51.4683,-0.0942
FIN000036,H03,2024,12,11359,53362288.29,5086585.69,32422200.85,3631434.37,71548174.1,0.22,9309050.99,0.0,False,0.5762,57.4,0.175,0.0137,0.0305,61.9,4644.9,0.579,1413,King's College Hospital NHS FT,51.4683,-0.0942
FIN000037,H10,2025,1,18953,76111654.68,4579729.27,53431955.06,5880114.0,117578500.34,0.22,9074052.4,0.0,False,0.9615,54.18,0.1861,0.0179,0.0298,97.6,3677.1,0.584,1443,King's College Hospital NHS FT,51.4683,-0.0942
FIN000038,H04,2025,2,17658,72933991.49,3969787.7,49925642.61,5545967.0,110348695.05,0.22,8941990.16,0.0,False,0.8958,53.74,0.1842,0.0187,0.0304,102.1,3004.2,0.582,1223,King's College Hospital NHS FT,51.4683,-0.0942
FIN000039,H02,2025,3,18050,75296227.43,4411120.68,51458168.23,5803773.75,113085734.83,0.22,8966442.19,0.0,False,0.8176,53.74,0.1827,0.0185,0.0285,101.6,3162.5,0.578,1176,King's College Hospital NHS FT,51.4683,-0.0942
FIN000040,H06,2025,4,10779,51889255.99,5502262.58,30555857.99,3333875.75,67262990.64,0.22,9222950.79,531862.88,False,0.4882,56.08,0.1822,0.0156,0.0276,74.9,2836.2,0.543,1165,King's College Hospital NHS FT,51.4683,-0.0942
FIN000041,H11,2025,5,10313,51853714.52,5613850.94,29780059.47,3276350.0,65236103.31,0.22,9358218.89,0.0,False,0.4671,56.63,0.1779,0.0147,0.0259,68.6,2689.4,0.539,1033,King's College Hospital NHS FT,51.4683,-0.0942
FIN000042,H02,2025,6,10378,50993740.67,5406542.38,29660139.02,3347024.62,65533518.34,0.22,9324326.11,0.0,False,0.4701,56.65,0.1808,0.0148,0.0274,68.2,2787.3,0.542,1028,King's College Hospital NHS FT,51.4683,-0.0942
FIN000043,H07,2025,7,12272,57655834.24,5567394.03,34947279.11,3929048.5,76933547.78,0.22,9275986.18,0.0,False,0.5558,56.06,0.1803,0.0153,0.027,74.4,2932.0,0.546,1144,King's College Hospital NHS FT,51.4683,-0.0942
FIN000044,H01,2025,8,12987,61590453.32,5642397.94,37380900.76,4255513.38,82533306.74,0.22,9311702.72,0.0,False,0.5882,56.05,0.1827,0.0153,0.0316,73.8,3064.0,0.552,1150,King's College Hospital NHS FT,51.4683,-0.0942
FIN000045,H04,2025,9,10371,51702184.22,5572747.1,29628929.3,3382114.5,65333839.11,0.22,8958631.56,0.0,False,0.4697,56.49,0.1817,0.0145,0.0306,69.2,2740.0,0.546,1067,King's College Hospital NHS FT,51.4683,-0.0942
FIN000046,H06,2025,10,11182,55828319.54,5672172.71,32029774.97,3661404.38,70687930.42,0.22,9060270.42,0.0,False,0.5065,56.5,0.1846,0.015,0.0313,70.0,3021.2,0.554,1149,King's College Hospital NHS FT,51.4683,-0.0942
FIN000047,H03,2025,11,12334,58514605.59,5393981.9,36461050.81,4100747.0,80582618.68,0.22,9212258.73,0.0,False,0.5587,56.63,0.1825,0.0147,0.0287,69.9,3104.1,0.559,1185,King's College Hospital NHS FT,51.4683,-0.0942
FIN000048,H07,2025,12,13200,61085233.26,5693946.33,38428837.74,4306342.12,84412820.27,0.22,9233214.01,0.0,False,0.6696,56.47,0.1839,0.0151,0.0298,70.5,3423.5,0.567,1369,King's College Hospital NHS FT,51.4683,-0.0942
FIN000073,H03,2024,1,5028,33336570.17,2123069.06,20108856.71,1560956.0,75624548.29,0.22,0.0,256398.33,False,0.7743,86.82,0.0662,0.0056,0.0123,54.9,1742.0,0.378,379,Nuffield Health Woking Hospital,51.3168,-0.56
FIN000074,H05,2024,2,4833,32869677.08,1839153.13,19901927.91,1584293.75,74765120.0,0.22,0.0,0.0,False,0.7443,86.44,0.0646,0.0055,0.0134,59.1,1578.8,0.385,313,Nuffield Health Woking Hospital,51.3168,-0.56
FIN000075,H06,2024,3,3808,29061216.43,2173765.62,15576408.11,1229436.0,58569494.21,0.22,0.0,158072.11,False,0.5236,87.52,0.0646,0.0055,0.0131,49.1,1538.4,0.368,310,Nuffield Health Woking Hospital,51.3168,-0.56
FIN000076,H01,2024,4,2648,22638172.71,2420174.78,10643158.7,811673.62,40016183.96,0.22,0.0,0.0,False,0.3641,89.11,0.0593,0.0053,0.0094,36.8,1471.5,0.358,293,Nuffield Health Woking Hospital,51.3168,-0.56
FIN000077,H03,2024,5,2579,24555849.8,2539714.3,10907196.8,874939.0,40868694.26,0.22,0.0,426227.49,False,0.3546,89.3,0.0609,0.0056,0.0097,36.8,1398.2,0.354,286,Nuffield Health Woking Hospital,51.3168,-0.56
FIN000078,H10,2024,6,2678,23933389.41,2368409.39,10857415.71,873015.0,40791864.7,0.22,0.0,552389.75,False,0.3682,89.14,0.0609,0.0054,0.0119,37.0,1359.9,0.359,311,Nuffield Health Woking Hospital,51.3168,-0.56
FIN000079,H08,2024,7,3050,25875558.75,2512862.82,12512440.81,1006307.5,46757683.69,0.22,0.0,0.0,False,0.4194,89.27,0.061,0.0056,0.0115,37.1,1419.8,0.359,296,Nuffield Health Woking Hospital,51.3168,-0.56
FIN000080,H09,2024,8,3008,25628081.6,2453591.82,12157196.19,942866.37,45811834.78,0.22,0.0,106465.25,False,0.4136,89.26,0.0778,0.0053,0.0103,37.3,1466.2,0.365,357,Nuffield Health Woking Hospital,51.3168,-0.56
FIN000081,H09,2024,9,2613,23203790.28,2439328.94,10641168.53,847152.0,39837489.59,0.22,0.0,0.0,False,0.3593,89.48,0.0762,0.0056,0.0096,37.6,1360.6,0.363,301,Nuffield Health Woking Hospital,51.3168,-0.56
FIN000082,H03,2024,10,2729,24765596.12,2496792.98,11610826.56,893170.75,43532703.28,0.22,0.0,0.0,False,0.3752,89.28,0.0594,0.0056,0.0128,36.8,1450.7,0.367,303,Nuffield Health Woking Hospital,51.3168,-0.56
FIN000083,H06,2024,11,3042,26260011.49,2388918.28,12350166.42,949429.25,46412016.62,0.22,0.0,626458.97,False,0.4183,89.12,0.0661,0.0055,0.0089,36.2,1612.7,0.371,364,Nuffield Health Woking Hospital,51.3168,-0.56
FIN000084,H01,2024,12,2937,24121211.23,2327313.69,11757398.05,943569.37,44041116.97,0.22,0.0,0.0,False,0.4523,89.5,0.0637,0.0055,0.0112,33.6,2267.9,0.395,373,Nuffield Health Woking Hospital,51.3168,-0.56
FIN000085,H01,2025,1,4868,32956711.55,2083225.88,19905142.44,1504309.0,74693813.48,0.22,0.0,302748.74,False,0.7497,86.99,0.0676,0.0055,0.0099,53.6,1803.9,0.407,387,Nuffield Health Woking Hospital,51.3168,-0.56
FIN000086,H06,2025,2,4734,34346585.87,1904887.74,20017022.77,1552224.0,75273016.01,0.22,0.0,0.0,False,0.729,86.85,0.0668,0.0055,0.0112,54.9,1544.3,0.409,345,Nuffield Health Woking Hospital,51.3168,-0.56
FIN000087,H02,2025,3,4681,32056363.67,2065540.71,19157995.3,1476771.75,71782885.54,0.22,0.0,0.0,False,0.6436,86.59,0.0613,0.0054,0.0126,56.4,1599.5,0.404,315,Nuffield Health Woking Hospital,51.3168,-0.56
FIN000088,H08,2025,4,2633,23540788.67,2460698.28,10648314.0,840575.25,39975613.7,0.22,0.0,197324.88,False,0.362,89.28,0.0608,0.0056,0.0087,37.3,1389.7,0.378,293,Nuffield Health Woking Hospital,51.3168,-0.56
FIN000089,H08,2025,5,2641,24376573.6,2584109.67,10964398.26,842490.0,41055445.95,0.22,0.0,0.0,False,0.3631,89.21,0.0602,0.0051,0.0091,37.9,1366.0,0.377,307,Nuffield Health Woking Hospital,51.3168,-0.56
FIN000090,H04,2025,6,2710,25533507.89,2491668.65,11107985.02,866840.62,41666950.65,0.22,0.0,0.0,False,0.3726,88.88,0.072,0.0055,0.0074,37.3,1386.6,0.377,298,Nuffield Health Woking Hospital,51.3168,-0.56
FIN000091,H02,2025,7,3085,26224277.52,2614862.96,13258936.89,1056877.25,49874462.49,0.22,0.0,0.0,False,0.4242,88.86,0.0726,0.0056,0.0088,40.1,1475.6,0.383,335,Nuffield Health Woking Hospital,51.3168,-0.56
FIN000092,H01,2025,8,3206,27727814.99,2519444.44,13496109.76,1059268.38,50729361.7,0.22,0.0,0.0,False,0.4408,88.88,0.0705,0.0055,0.0119,39.2,1517.3,0.385,339,Nuffield Health Woking Hospital,51.3168,-0.56
FIN000093,H09,2025,9,2655,25331447.49,2561619.53,11093240.37,885058.5,41714820.76,0.22,0.0,0.0,False,0.3651,89.21,0.0584,0.0055,0.0113,37.8,1370.8,0.382,301,Nuffield Health Woking Hospital,51.3168,-0.56
FIN000094,H04,2025,10,2817,24567365.98,2610101.51,11522164.52,889110.0,43157860.12,0.22,0.0,0.0,False,0.3873,89.31,0.0625,0.005,0.0121,38.0,1477.8,0.389,327,Nuffield Health Woking Hospital,51.3168,-0.56
FIN000095,H07,2025,11,3059,26237419.67,2418033.3,12525107.82,975680.75,46970523.14,0.22,0.0,0.0,False,0.4206,89.2,0.0726,0.0053,0.0114,36.9,1462.1,0.391,308,Nuffield Health Woking Hospital,51.3168,-0.56
FIN000096,H06,2025,12,3428,28250814.14,2652004.76,14537927.27,1072967.62,54898173.2,0.22,0.0,0.0,False,0.5279,89.24,0.0624,0.0055,0.0137,37.8,1744.1,0.396,393,Nuffield Health Woking Hospital,51.3168,-0.56
FIN000121,H02,2024,1,2401,7275963.64,972922.64,3805532.48,754985.0,6597719.05,0.0658,1233765.81,0.0,False,0.714,62.97,0.2245,0.009,0.0229,154.3,6293.1,0.796,540,Royal Cornwall Hospital,50.2697,-5.053
FIN000122,H11,2024,2,2369,7532339.62,865545.58,3998200.18,731212.5,6978370.13,0.0712,1226637.64,0.0,False,0.7045,62.26,0.2174,0.0092,0.0283,154.8,5095.9,0.79,466,Royal Cornwall Hospital,50.2697,-5.053
FIN000123,H08,2024,3,1891,6545094.98,961337.05,3145594.68,626539.5,5442243.67,0.018,1244809.84,0.0,False,0.5021,63.49,0.2189,0.0086,0.0328,139.2,5094.4,0.768,380,Royal Cornwall Hospital,50.2697,-5.053
FIN000124,H01,2024,4,1201,5302013.0,1010515.65,1963478.76,381150.87,3399353.23,-0.1631,1266745.57,0.0,False,0.3189,65.46,0.2057,0.0077,0.0241,103.2,4293.9,0.744,374,Royal Cornwall Hospital,50.2697,-5.053
FIN000125,H07,2024,5,1277,5329763.2,1044622.85,1953187.92,391941.0,3358576.82,-0.18,1224058.75,0.0,False,0.3391,65.4,0.2388,0.0081,0.0282,101.9,4509.9,0.741,327,Royal Cornwall Hospital,50.2697,-5.053
FIN000126,H03,2024,6,1254,5295030.85,1019090.47,2109550.86,406745.62,3697862.98,-0.0604,1263644.64,0.0,False,0.333,65.86,0.2209,0.0068,0.0327,107.9,4580.1,0.746,359,Royal Cornwall Hospital,50.2697,-5.053
FIN000127,H07,2024,7,1459,5976659.14,1097131.73,2407652.07,461390.0,4198116.52,-0.1074,1230343.91,0.0,False,0.3874,65.38,0.2207,0.0086,0.0281,104.3,5048.2,0.757,452,Royal Cornwall Hospital,50.2697,-5.053
FIN000128,H02,2024,8,1402,5529899.9,988123.8,2346866.78,484390.12,4066081.6,-0.0337,1243905.1,0.0,False,0.3723,65.25,0.2183,0.0083,0.0271,104.9,4772.5,0.757,344,Royal Cornwall Hospital,50.2697,-5.053
FIN000129,H11,2024,9,1285,5128263.87,1016101.53,2029368.31,407592.0,3595755.09,-0.0575,1265111.7,0.0,False,0.3412,64.75,0.2358,0.0081,0.0358,116.8,4383.5,0.752,377,Royal Cornwall Hospital,50.2697,-5.053
FIN000130,H01,2024,10,1297,5244711.09,1007310.5,2015455.47,400525.0,3424312.17,-0.1078,1239561.52,99759.53,False,0.3444,65.57,0.2167,0.0074,0.0278,106.0,4975.8,0.759,374,Royal Cornwall Hospital,50.2697,-5.053
FIN000131,H11,2024,11,1413,5744459.87,1028391.47,2404501.65,451631.25,4129573.76,-0.0837,1264637.54,0.0,False,0.3752,65.56,0.2102,0.0083,0.0262,105.5,5195.2,0.772,432,Royal Cornwall Hospital,50.2697,-5.053
FIN000132,H08,2024,12,1350,5609813.29,1019825.7,2379606.58,472790.62,4190581.5,-0.034,1247283.36,0.0,False,0.4015,66.07,0.2348,0.0077,0.0311,97.7,7522.5,0.812,484,Royal Cornwall Hospital,50.2697,-5.053
FIN000133,H08,2025,1,2454,7658971.07,923241.14,4079010.58,772319.5,6995919.06,0.0564,1253114.48,0.0,False,0.7298,62.69,0.2156,0.0088,0.0297,153.5,5668.9,0.821,516,Royal Cornwall Hospital,50.2697,-5.053
FIN000134,H10,2025,2,2225,7136506.78,813934.58,3626122.8,711436.0,6244087.59,0.0427,1254955.86,0.0,False,0.6617,62.25,0.2283,0.0091,0.0319,159.9,4714.4,0.808,414,Royal Cornwall Hospital,50.2697,-5.053
FIN000135,H03,2025,3,2245,7354420.82,888294.47,3800530.01,781939.5,6694025.18,0.0841,1266752.52,0.0,False,0.5961,62.68,0.2062,0.0088,0.0352,154.9,4643.1,0.802,404,Royal Cornwall Hospital,50.2697,-5.053
FIN000136,H05,2025,4,1290,5458298.85,1007956.31,2229653.44,440591.37,3956602.8,-0.0226,1322104.15,0.0,False,0.3425,65.9,0.2194,0.0076,0.0349,106.7,4663.5,0.769,406,Royal Cornwall Hospital,50.2697,-5.053
FIN000137,H10,2025,5,1270,5657800.62,1051791.31,2281579.0,470085.0,3972685.99,-0.0827,1262285.12,0.0,False,0.3372,64.99,0.2157,0.0075,0.0252,108.4,4625.7,0.767,377,Royal Cornwall Hospital,50.2697,-5.053
FIN000138,H03,2025,6,1285,5319973.58,1013963.29,2102897.02,405885.38,3616885.24,-0.0841,1264147.56,0.0,False,0.3412,65.71,0.2272,0.0072,0.0304,109.6,4463.2,0.767,347,Royal Cornwall Hospital,50.2697,-5.053
FIN000139,H04,2025,7,1540,6271163.2,1072773.61,2589209.04,539682.0,4480903.93,-0.1143,1270128.54,0.0,False,0.4089,64.33,0.2279,0.0087,0.026,120.5,4644.7,0.768,404,Royal Cornwall Hospital,50.2697,-5.053
FIN000140,H10,2025,8,1566,6152267.58,1034676.27,2805020.31,573685.0,4956192.77,0.0069,1311022.44,0.0,False,0.4158,64.84,0.2414,0.0078,0.0351,118.8,4973.6,0.78,400,Royal Cornwall Hospital,50.2697,-5.053
FIN000141,H09,2025,9,1248,5517909.93,1043954.34,2171348.77,412753.5,3719728.93,-0.0832,1320278.81,0.0,False,0.3314,65.24,0.226,0.0076,0.028,109.6,4483.4,0.77,351,Royal Cornwall Hospital,50.2697,-5.053
FIN000142,H06,2025,10,1363,5780353.98,1107625.5,2320309.83,465136.25,3987924.56,-0.0764,1322947.08,0.0,False,0.3619,65.0,0.2362,0.0074,0.0382,109.2,4576.1,0.772,394,Royal Cornwall Hospital,50.2697,-5.053
FIN000143,H05,2025,11,1513,5927364.09,1073216.17,2529722.49,513624.75,4391252.51,-0.0597,1305839.66,0.0,False,0.4017,64.98,0.2525,0.0076,0.0311,110.1,5313.2,0.79,413,Royal Cornwall Hospital,50.2697,-5.053
FIN000144,H07,2025,12,1629,6167046.86,1125178.76,2672439.31,514776.38,4591528.72,-0.039,1315403.69,110181.15,False,0.4844,65.44,0.2155,0.0072,0.027,109.0,5758.0,0.802,503,Royal Cornwall Hospital,50.2697,-5.053
FIN000169,H10,2024,1,12218,50162524.69,3830050.19,30686780.52,3847482.0,67664380.14,0.22,7458388.43,555714.35,False,0.8497,70.66,0.1211,0.0064,0.0283,76.6,3566.6,0.554,1162,University College London Hospitals,51.5246,-0.134
FIN000170,H01,2024,2,12247,48370111.94,3351337.86,30266496.91,3715031.25,66793514.14,0.22,7617403.98,0.0,False,0.8518,70.45,0.1274,0.0062,0.0291,80.1,3251.7,0.557,989,University College London Hospitals,51.5246,-0.134
FIN000171,H08,2024,3,9720,43602624.14,3954241.64,24282633.67,3044036.25,53477347.85,0.22,7671482.57,0.0,False,0.6036,72.03,0.1236,0.0063,0.0294,68.8,3180.5,0.54,1016,University College London Hospitals,51.5246,-0.134
FIN000172,H08,2024,4,6508,34455207.65,4297770.62,16420145.81,2085468.0,36427601.63,0.0447,,0.0,False,0.4041,74.38,0.1285,0.0058,0.0295,49.9,2712.1,0.521,836,University College London Hospitals,51.5246,-0.134
FIN000173,H11,2024,5,6563,35836425.59,4583801.82,16346196.08,2040864.5,36305977.02,0.1969,7751545.16,0.0,False,0.4075,74.76,0.1339,0.0058,0.0251,49.8,2732.7,0.522,931,University College London Hospitals,51.5246,-0.134
FIN000174,H11,2024,6,6661,35777240.16,4262240.43,16603163.93,2097220.12,36513193.72,0.1926,7412942.04,0.0,False,0.4136,74.66,0.124,0.0058,0.0267,49.5,2830.1,0.527,957,University College London Hospitals,51.5246,-0.134
FIN000175,H02,2024,7,7001,35998362.09,4586399.93,17463363.75,2082221.25,38453084.31,0.2056,7773615.76,266146.88,False,0.4347,75.26,0.1166,0.0057,0.03,49.2,2867.0,0.527,1004,University College London Hospitals,51.5246,-0.134
FIN000176,H07,2024,8,7496,38939989.23,4611079.53,19100462.23,2384076.5,42127752.49,0.2117,7613331.47,0.0,False,0.4655,75.41,0.1265,0.0058,0.0292,49.1,3140.9,0.534,1010,University College London Hospitals,51.5246,-0.134
FIN000177,H03,2024,9,6592,36048381.43,4346664.47,17056845.6,2037960.0,37675388.12,0.22,7509103.7,0.0,False,0.4093,75.85,0.1296,0.0055,0.0319,47.3,2717.2,0.528,906,University College London Hospitals,51.5246,-0.134
FIN000178,H01,2024,10,7070,37871830.65,4532290.06,18213665.72,2333058.12,40273513.86,0.2149,7832926.0,0.0,False,0.439,76.1,0.1192,0.0057,0.0318,46.5,2966.9,0.531,934,University College London Hospitals,51.5246,-0.134
FIN000179,H08,2024,11,7657,38146122.61,4452066.59,19681803.08,2476946.5,43529966.48,0.22,7556239.88,,False,0.4755,76.31,0.1211,0.0057,0.027,46.5,3031.4,0.537,1019,University College London Hospitals,51.5246,-0.134
FIN000180,H01,2024,12,7321,37888062.88,4206348.77,18614116.13,2291525.62,41111593.8,0.22,7505294.11,0.0,False,0.5092,77.35,0.1236,0.0056,0.0292,42.3,4664.0,0.576,1113,University College London Hospitals,51.5246,-0.134
FIN000181,H07,2025,1,12220,51851112.58,3756339.09,31896075.14,3984604.0,70340758.75,0.22,7568402.13,0.0,False,0.8499,74.54,0.125,0.0057,0.0298,66.3,3490.9,0.583,1166,University College London Hospitals,51.5246,-0.134
FIN000182,H06,2025,2,11376,47761437.71,3435718.99,28968612.17,3648130.62,63801491.72,0.22,7490772.27,0.0,False,0.7912,74.46,0.1166,0.0057,0.0274,68.4,3121.4,0.583,1053,University College London Hospitals,51.5246,-0.134
FIN000183,H10,2025,3,11824,50290617.3,3732275.53,30391809.68,3763843.5,67260947.65,0.22,7900236.27,530742.35,False,0.7342,74.58,0.1254,0.0058,0.0286,67.7,3292.6,0.581,1043,University College London Hospitals,51.5246,-0.134
FIN000184,H10,2025,4,6621,36869246.04,4563901.36,17171274.89,2247625.12,37773972.98,0.1692,7751908.54,0.0,False,0.4111,77.93,0.1285,0.0055,0.0258,44.6,2693.0,0.543,957,University College London Hospitals,51.5246,-0.134
FIN000185,H03,2025,5,6859,36201479.25,4732866.59,17623645.91,2197800.0,38988681.19,0.21,7793969.39,507858.54,False,0.4259,78.28,0.1265,0.0055,0.027,43.6,2840.6,0.543,913,University College London Hospitals,51.5246,-0.134
FIN000186,H11,2025,6,6865,37008444.47,4663290.92,17738478.29,2178319.5,39281139.81,0.2066,7674554.82,0.0,False,0.4263,78.25,0.1253,0.0057,0.032,44.3,2701.3,0.543,985,University College London Hospitals,51.5246,-0.134
FIN000187,H11,2025,7,7841,38486878.45,4924384.08,19894221.73,2498073.5,44199064.1,0.22,7900639.63,0.0,False,0.4869,78.24,0.1291,0.0054,0.0281,46.1,3002.1,0.549,1023,University College London Hospitals,51.5246,-0.134
FIN000188,H06,2025,8,8052,39992001.51,4844006.96,20937656.87,2677879.62,46303293.53,0.22,7857024.43,0.0,False,0.5,78.62,0.1238,0.0056,0.031,45.8,3085.5,0.554,1052,University College London Hospitals,51.5246,-0.134
FIN000189,H09,2025,9,6891,37361677.61,4674263.25,18023794.47,2221887.0,39773066.4,0.2137,7968988.75,300553.12,False,0.4279,79.24,0.1157,0.0056,0.0299,41.8,2769.3,0.551,992,University College London Hospitals,51.5246,-0.134
FIN000190,H01,2025,10,7141,38478419.88,4927690.93,18957066.77,2449168.75,41614898.3,0.22,7817505.59,0.0,False,0.4434,79.75,0.1171,0.0055,0.0279,41.8,2860.7,0.552,1009,University College London Hospitals,51.5246,-0.134
FIN000191,H02,2025,11,7740,40968050.17,4772157.81,20072661.08,2487676.5,44158806.8,0.22,7809819.97,0.0,False,0.4806,79.89,0.127,0.0056,0.0287,41.5,3144.4,0.559,1024,University College London Hospitals,51.5246,-0.134
FIN000192,H11,2025,12,8373,42584803.51,4984190.96,22018481.45,2658644.25,48557925.76,0.22,7647098.6,0.0,False,0.5823,80.35,0.1239,0.0056,0.0297,41.0,3442.9,0.57,1238,University College London Hospitals,51.5246,-0.134
FIN000217,H08,2024,1,5873,27277064.52,2474148.87,15941423.33,2972876.0,35450373.93,0.22,4073322.68,597459.14,False,0.8169,76.81,0.0911,0.0056,0.0305,95.0,3587.6,0.553,729,Alder Hey Children's Hospital,53.4192,-2.8974
FIN000218,H02,2024,2,5639,25555204.33,2145991.55,14981876.9,2765634.38,33121868.9,0.22,4009894.91,0.0,False,0.7844,76.04,0.0927,0.0058,0.031,101.4,3204.4,0.557,634,Alder Hey Children's Hospital,53.4192,-2.8974
FIN000219,H01,2024,3,4669,23742601.46,2584397.38,12836909.18,2309133.0,28595085.18,0.22,3978407.62,526616.65,False,0.5799,77.42,0.1004,0.0058,0.0345,86.6,3157.7,0.54,689,Alder Hey Children's Hospital,53.4192,-2.8974
FIN000220,H10,2024,4,3087,18826184.17,2749692.62,8540146.96,1493005.5,18907154.44,0.1787,3966630.8,0.0,False,0.3834,79.71,0.1079,0.0052,0.0266,64.1,2691.6,0.521,611,Alder Hey Children's Hospital,53.4192,-2.8974
FIN000221,H08,2024,5,3071,19626140.37,2887058.75,8522485.26,1607354.0,18776555.57,0.1579,4000508.82,0.0,False,0.3814,79.34,0.0912,0.0054,0.0316,63.9,2712.1,0.522,584,Alder Hey Children's Hospital,53.4192,-2.8974
FIN000222,H05,2024,6,3111,18563726.08,2740695.01,8556664.13,1597220.62,18768130.6,0.2029,4049038.31,305402.37,False,0.3864,79.36,0.0942,0.0057,0.0257,65.2,2734.1,0.528,570,Alder Hey Children's Hospital,53.4192,-2.8974
FIN000223,H07,2024,7,3426,20353968.78,2870246.97,9721543.15,1785897.5,21472819.5,0.1874,4051860.12,0.0,False,0.4255,79.06,0.0943,0.0054,0.0353,64.9,2825.4,0.527,639,Alder Hey Children's Hospital,53.4192,-2.8974
FIN000224,H04,2024,8,3529,19962084.23,2780897.59,9152802.48,1738223.0,20418091.17,0.1777,4026601.21,0.0,False,0.4383,79.31,0.1026,0.0056,0.0343,65.9,2888.1,0.529,643,Alder Hey Children's Hospital,53.4192,-2.8974
FIN000225,H03,2024,9,3110,19207685.02,2727779.05,8671377.42,1562436.0,19120744.77,0.1706,3942965.95,518714.92,False,0.3862,79.28,0.1058,0.0061,0.0344,65.0,2808.6,0.531,578,Alder Hey Children's Hospital,53.4192,-2.8974
FIN000226,H05,2024,10,3277,19625067.52,2921253.87,8952604.13,1566052.75,19763888.57,0.1584,4115297.76,0.0,False,0.407,79.28,0.0934,0.0054,0.0293,64.9,2960.8,0.532,625,Alder Hey Children's Hospital,53.4192,-2.8974
FIN000227,H04,2024,11,3691,21300691.38,2764577.84,10333352.2,1860720.75,22763752.43,0.2172,4104944.32,0.0,False,0.4584,79.35,0.097,0.0057,0.036,63.9,3074.9,0.542,699,Alder Hey Children's Hospital,53.4192,-2.8974
FIN000228,H05,2024,12,3455,19310713.0,2606563.18,9305914.83,1627606.87,20743131.84,0.22,4007981.47,0.0,False,0.4806,80.08,0.0967,0.0054,0.0232,59.0,4613.6,0.578,760,Alder Hey Children's Hospital,53.4192,-2.8974
FIN000229,H11,2025,1,5792,26890100.44,2377717.05,15893319.46,2909809.5,35109782.49,0.22,4161483.27,1900000.0,True,0.8056,76.89,0.0996,0.0057,0.0311,93.1,3479.2,0.583,802,Alder Hey Children's Hospital,53.4192,-2.8974
FIN000230,H01,2025,2,5490,25508853.27,2135982.95,15013442.09,2704265.25,32946346.54,0.22,4072713.33,0.0,False,0.7636,76.28,0.0878,0.0056,0.0317,96.5,2987.8,0.584,680,Alder Hey Children's Hospital,53.4192,-2.8974
FIN000231,H09,2025,3,5599,26661932.29,2382694.0,15467962.4,2848204.5,34643934.64,0.22,3947565.47,0.0,False,0.6954,76.64,0.1002,0.0056,0.0332,95.0,3257.0,0.578,672,Alder Hey Children's Hospital,53.4192,-2.8974
FIN000232,H02,2025,4,3092,19245303.98,2821460.16,8864938.86,1606026.62,19629409.54,0.1734,4043716.81,0.0,False,0.384,79.55,0.0906,0.0054,0.0369,63.6,2742.2,0.541,589,Alder Hey Children's Hospital,53.4192,-2.8974
FIN000233,H03,2025,5,3168,19942330.8,2978773.31,8743332.36,1595440.0,19267319.71,0.1195,4075486.83,144171.05,False,0.3934,79.52,0.0979,0.0055,0.035,63.3,2702.0,0.54,589,Alder Hey Children's Hospital,53.4192,-2.8974
FIN000234,H01,2025,6,3224,19803502.86,2793701.67,9086866.32,1611303.75,20184250.29,0.188,4021198.41,0.0,False,0.4004,79.45,0.0962,0.0056,0.0298,65.3,2933.3,0.548,581,Alder Hey Children's Hospital,53.4192,-2.8974
FIN000235,H02,2025,7,3770,22323385.76,3056628.59,10657473.46,1972701.25,23600994.37,0.1789,4136343.31,0.0,False,0.4682,79.36,0.0875,0.0055,0.0377,68.3,2855.9,0.548,685,Alder Hey Children's Hospital,53.4192,-2.8974
FIN000236,H02,2025,8,3771,21225112.52,2934425.02,10542360.37,1977164.37,23200355.45,0.2099,4195137.99,560793.66,False,0.4683,78.72,0.1034,0.0056,0.0308,69.1,3049.4,0.552,618,Alder Hey Children's Hospital,53.4192,-2.8974
FIN000237,H10,2025,9,3206,19732530.88,2849500.68,8918949.2,1611997.5,19788035.33,0.1744,3987757.17,0.0,False,0.3982,79.28,0.0898,0.0058,0.0315,66.0,2702.7,0.548,587,Alder Hey Children's Hospital,53.4192,-2.8974
FIN000238,H08,2025,10,3477,21404766.76,2897540.76,10022053.82,1780278.12,22352852.22,0.1848,4053005.52,0.0,False,0.4318,79.7,0.1015,0.0055,0.0311,64.7,2893.2,0.554,626,Alder Hey Children's Hospital,53.4192,-2.8974
FIN000239,H10,2025,11,3692,21796675.31,2861913.5,10863762.05,2015306.75,23987210.08,0.22,4186424.06,0.0,False,0.4585,79.31,0.1018,0.0055,0.0333,65.4,3166.4,0.559,599,Alder Hey Children's Hospital,53.4192,-2.8974
FIN000240,H03,2025,12,3964,23366245.09,2991857.8,11307343.67,2044633.88,24833589.12,0.22,4143361.22,0.0,False,0.5514,79.35,0.0974,0.0056,0.0305,64.7,3551.3,0.568,745,Alder Hey Children's Hospital,53.4192,-2.8974
FIN000265,H06,2024,1,6771,23228266.7,1956377.1,14084815.38,2137490.0,28052880.63,0.22,2964985.98,0.0,False,0.8342,55.89,0.2861,0.0152,0.0462,183.5,6483.8,0.788,1009,Norfolk & Norwich University Hospital,52.6189,1.2202
FIN000266,H05,2024,2,6770,23299867.24,1761076.84,14482277.95,2168084.38,28739213.89,0.22,2992268.37,0.0,False,0.8341,55.42,0.2908,0.0156,0.0476,197.2,5885.8,0.797,938,Norfolk & Norwich University Hospital,52.6189,1.2202
FIN000267,H08,2024,3,5408,19914773.22,2017840.96,11236544.68,1674712.5,22362316.89,0.2178,3043296.79,0.0,False,0.4957,59.51,0.2888,0.0116,0.042,115.9,5774.4,0.765,845,Norfolk & Norwich University Hospital,52.6189,1.2202
FIN000268,H01,2024,4,3595,16122643.71,2138226.09,7751592.3,1192824.5,15405615.08,0.1304,3111203.4,0.0,False,0.3295,61.5,0.2921,0.0102,0.0409,87.7,5122.5,0.744,750,Norfolk & Norwich University Hospital,52.6189,1.2202
FIN000269,H03,2024,5,3760,15987738.53,2303603.68,7841556.46,1150089.5,15542449.84,0.1656,3019655.45,0.0,False,0.3447,61.61,0.3043,0.0095,0.0444,86.0,4760.9,0.742,827,Norfolk & Norwich University Hospital,52.6189,1.2202
FIN000270,H07,2024,6,3763,15489960.6,2163070.58,7850227.38,1182538.5,15610391.8,0.1821,3060463.22,0.0,False,0.3449,61.55,0.2838,0.0099,0.0436,87.7,5215.2,0.751,776,Norfolk & Norwich University Hospital,52.6189,1.2202
FIN000271,H02,2024,7,4124,16816852.12,2257752.82,8939263.29,1404057.5,17843755.42,0.1937,3021529.64,365045.32,False,0.378,61.83,0.298,0.0101,0.0509,88.9,5140.7,0.753,851,Norfolk & Norwich University Hospital,52.6189,1.2202
FIN000272,H10,2024,8,4213,17566123.21,2273880.71,8848940.06,1365461.87,17718693.62,0.1428,2999427.07,0.0,False,0.3862,61.52,0.2981,0.0103,0.0396,88.7,5355.5,0.756,882,Norfolk & Norwich University Hospital,52.6189,1.2202
FIN000273,H02,2024,9,3708,16071606.57,2177019.75,7715958.78,1180818.0,15269964.42,0.1409,3024008.64,0.0,False,0.3399,61.5,0.2991,0.0095,0.0491,90.1,4895.7,0.754,835,Norfolk & Norwich University Hospital,52.6189,1.2202
FIN000274,H08,2024,10,3941,16770608.16,2362059.58,8566346.44,1279677.38,17131651.79,0.1569,3025485.4,0.0,False,0.3613,61.34,0.2992,0.0105,0.0505,88.1,5192.6,0.755,855,Norfolk & Norwich University Hospital,52.6189,1.2202
FIN000275,H11,2024,11,4435,17567883.57,2264480.41,9267666.97,1419125.75,18414089.94,0.1609,3062525.08,0.0,False,0.4065,61.32,0.2933,0.0102,0.0354,89.7,5818.7,0.771,914,Norfolk & Norwich University Hospital,52.6189,1.2202
FIN000276,H04,2024,12,6417,23712367.12,2126897.5,14201732.84,2217086.25,28268467.22,0.2094,3106642.72,0.0,False,0.7906,56.44,0.2973,0.0146,0.0446,173.8,8104.3,0.814,931,Norfolk & Norwich University Hospital,52.6189,1.2202
FIN000277,H02,2025,1,6961,24348100.22,1963941.06,15075876.67,2260496.5,30034227.1,0.22,3050207.71,0.0,False,0.8576,56.05,0.2819,0.0148,0.0438,183.3,6652.3,0.823,1106,Norfolk & Norwich University Hospital,52.6189,1.2202
FIN000278,H01,2025,2,6471,22757251.37,1674096.5,14418642.46,2241427.62,28824185.36,0.22,3085153.59,0.0,False,0.7972,55.71,0.2966,0.0152,0.0459,191.6,5670.6,0.818,833,Norfolk & Norwich University Hospital,52.6189,1.2202
FIN000279,H06,2025,3,6674,24076041.93,1854827.7,14799809.01,2305303.5,29461996.34,0.22,3137201.05,0.0,False,0.6118,58.43,0.2947,0.0124,0.0448,132.8,5610.3,0.805,838,Norfolk & Norwich University Hospital,52.6189,1.2202
FIN000280,H06,2025,4,3837,16409780.66,2318525.41,8464494.5,1214164.25,16836611.31,0.1684,3165892.26,0.0,False,0.3517,61.42,0.2989,0.0104,0.0391,90.3,4988.9,0.765,858,Norfolk & Norwich University Hospital,52.6189,1.2202
FIN000281,H08,2025,5,3772,17127203.45,2330180.54,8340211.97,1208790.0,16694293.06,0.1207,3150438.32,0.0,False,0.3458,61.23,0.2924,0.0107,0.0445,89.6,5108.5,0.769,817,Norfolk & Norwich University Hospital,52.6189,1.2202
FIN000282,H02,2025,6,3810,16037812.33,2212578.41,8174200.57,1203378.75,16381449.67,0.1693,3134897.71,330021.01,False,0.3493,61.44,0.3034,0.0097,0.0444,89.6,4901.2,0.766,791,Norfolk & Norwich University Hospital,52.6189,1.2202
FIN000283,H10,2025,7,4486,18440325.71,2356338.95,9613341.43,1435063.5,19229618.38,0.1706,3137669.48,0.0,False,0.4112,60.91,0.2936,0.0108,0.0381,96.4,5412.4,0.773,840,Norfolk & Norwich University Hospital,52.6189,1.2202
FIN000284,H01,2025,8,4598,18723296.53,2287566.17,10236929.72,1594024.75,20356114.6,0.1844,3122094.04,0.0,False,0.4215,60.92,0.301,0.0103,0.0476,97.4,5564.3,0.78,876,Norfolk & Norwich University Hospital,52.6189,1.2202
FIN000285,H02,2025,9,3707,16301513.42,2320913.54,7916075.4,1254688.5,15883504.99,0.1623,3081050.47,0.0,False,0.3398,61.21,0.2927,0.0101,0.0445,90.6,4939.1,0.776,839,Norfolk & Norwich University Hospital,52.6189,1.2202
FIN000286,H08,2025,10,4060,17758509.42,2443541.46,9121217.87,1323374.38,18172793.02,0.1842,3150096.39,0.0,False,0.3722,60.92,0.2983,0.0104,0.0502,91.0,5255.0,0.779,852,Norfolk & Norwich University Hospital,52.6189,1.2202
FIN000287,H02,2025,11,4516,19093760.3,2270851.65,9952863.1,1528497.75,19849484.12,0.2066,3081173.61,478310.53,False,0.414,61.36,0.2868,0.0103,0.0465,91.9,5694.1,0.791,892,Norfolk & Norwich University Hospital,52.6189,1.2202
FIN000288,H01,2025,12,6424,24261610.22,2426417.36,14582941.72,2176945.88,29071459.93,0.22,3233208.67,0.0,False,0.7914,55.85,0.2928,0.0154,0.0464,179.1,6475.4,0.804,1074,Norfolk & Norwich University Hospital,52.6189,1.2202
FIN000313,H03,2024,1,10192,22169465.22,1804320.78,14693830.83,3067004.0,25347203.92,0.22,3940502.55,0.0,False,1.02,31.06,0.3274,0.0414,0.0487,261.0,10666.3,0.966,1335,Sandwell General Hospital,52.5145,-2.0196
FIN000314,H09,2024,2,10052,22026684.01,1650882.74,14467240.68,3009371.88,25024624.85,0.22,4033902.58,0.0,False,1.02,30.45,0.332,0.0416,0.0514,281.6,9280.7,0.966,1219,Sandwell General Hospital,52.5145,-2.0196
FIN000315,H05,2024,3,8197,19476393.68,1916865.06,12184622.69,2571176.25,21231855.37,0.22,3971544.78,0.0,False,0.7989,31.06,0.3304,0.0413,0.0476,238.0,9136.7,0.959,1174,Sandwell General Hospital,52.5145,-2.0196
FIN000316,H06,2024,4,5553,14546190.06,1960953.37,8029896.3,1724065.87,13935671.84,0.1958,3824324.22,0.0,False,0.5412,31.78,0.3431,0.0411,0.0535,185.0,8476.8,0.946,971,Sandwell General Hospital,52.5145,-2.0196
FIN000317,H02,2024,5,5485,14916746.04,2092209.41,8259170.82,1791447.5,14288115.04,0.181,3980743.01,0.0,False,0.5346,31.74,0.3355,0.0412,0.052,185.0,8051.5,0.947,984,Sandwell General Hospital,52.5145,-2.0196
FIN000318,H09,2024,6,5514,14986335.63,1875054.97,8217540.47,1738093.5,14216826.05,0.1589,3950281.54,0.0,False,0.5374,31.26,0.317,0.0413,0.0573,183.6,7940.3,0.951,964,Sandwell General Hospital,52.5145,-2.0196
FIN000319,H08,2024,7,6160,16246405.62,2060078.37,9182521.67,1915166.25,15736442.72,0.1668,3824191.43,329203.9,False,0.6004,30.84,0.3407,0.0415,0.0536,190.4,8525.4,0.955,1064,Sandwell General Hospital,52.5145,-2.0196
FIN000320,H06,2024,8,6304,16182350.52,1989548.38,9434227.18,2009322.0,16317962.48,0.2044,3834141.86,0.0,False,0.6144,30.86,0.3355,0.0412,0.0571,190.4,8531.3,0.954,1052,Sandwell General Hospital,52.5145,-2.0196
FIN000321,H02,2024,9,5447,14748601.09,2001899.2,7979387.58,1668330.0,13807568.46,0.1688,3845125.07,0.0,False,0.5309,30.39,0.3448,0.0415,0.0538,190.9,8026.8,0.951,991,Sandwell General Hospital,52.5145,-2.0196
FIN000322,H11,2024,10,6024,15736256.62,2030779.09,8888677.33,1864443.88,15415474.23,0.1581,3803872.62,0.0,False,0.5871,30.16,0.34,0.0415,0.048,195.2,8483.8,0.953,1025,Sandwell General Hospital,52.5145,-2.0196
FIN000323,H07,2024,11,6528,16972612.18,1956042.04,9929587.57,2027322.5,17055866.7,0.1786,3965402.89,0.0,False,0.6363,29.65,0.3349,0.0416,0.0544,194.4,9239.6,0.961,1089,Sandwell General Hospital,52.5145,-2.0196
FIN000324,H01,2024,12,6209,16207234.87,1896569.69,9381610.82,2021934.37,16076053.87,0.1947,3927854.54,0.0,False,0.6778,30.28,0.3358,0.0414,0.0585,176.1,13457.2,0.971,1232,Sandwell General Hospital,52.5145,-2.0196
FIN000325,H05,2025,1,10505,23774011.57,1719265.32,15937162.3,3393769.5,27715815.07,0.22,3793970.22,0.0,False,1.02,27.81,0.3391,0.0419,0.055,279.0,10147.9,0.974,1216,Sandwell General Hospital,52.5145,-2.0196
FIN000326,H10,2025,2,9699,22340770.21,1509187.22,14486705.45,3098384.62,25204169.71,0.22,3753410.26,0.0,False,1.02,27.42,0.3431,0.0419,0.0564,295.1,8600.8,0.975,1061,Sandwell General Hospital,52.5145,-2.0196
FIN000327,H02,2025,3,9917,23160646.7,1581627.57,15356914.77,3374899.5,26595520.21,0.22,3933889.37,0.0,False,0.9666,27.18,0.3587,0.0419,0.0585,296.5,8889.2,0.972,1042,Sandwell General Hospital,52.5145,-2.0196
FIN000328,H02,2025,4,5587,15176912.32,1964158.61,8518845.02,1778608.5,14715979.15,0.159,3781206.06,0.0,False,0.5446,28.46,0.3488,0.0418,0.0548,202.9,7900.1,0.956,860,Sandwell General Hospital,52.5145,-2.0196
FIN000329,H11,2025,5,5635,15467700.13,1991681.5,8749195.26,1809115.0,15044769.44,-0.0274,,0.0,False,0.5492,28.27,0.3459,0.0417,0.0563,202.1,7930.6,0.96,933,Sandwell General Hospital,52.5145,-2.0196
FIN000330,H11,2025,6,5944,15446204.03,1957761.43,8962061.28,1837702.12,15508124.98,0.1996,3905418.17,0.0,False,0.5794,27.93,0.3577,0.0418,0.0515,202.7,8270.7,0.961,938,Sandwell General Hospital,52.5145,-2.0196
FIN000331,H10,2025,7,6715,17642538.86,2065290.1,10262564.48,2222099.75,17684882.91,0.1706,3830353.03,0.0,False,0.6545,27.47,0.3538,0.0418,0.053,218.4,8480.5,0.96,986,Sandwell General Hospital,52.5145,-2.0196
FIN000332,H02,2025,8,6928,18055276.32,1992779.82,10664638.66,2272202.38,18454924.13,0.1912,3752291.48,0.0,False,0.6753,27.18,0.3558,0.0418,0.0564,222.2,8833.7,0.965,1065,Sandwell General Hospital,52.5145,-2.0196
FIN000333,H03,2025,9,5576,15358885.78,1891159.6,8948099.61,1790652.0,15378553.62,0.1721,3785003.24,0.0,False,0.5435,27.05,0.3598,0.0419,0.059,210.4,8271.5,0.961,870,Sandwell General Hospital,52.5145,-2.0196
FIN000334,H06,2025,10,8097,19751354.86,1510620.33,12354624.87,2624109.38,21288185.0,0.22,3687949.64,0.0,False,0.7892,25.95,0.3545,0.0419,0.0583,274.6,14071.1,0.981,1007,Sandwell General Hospital,52.5145,-2.0196
FIN000335,H09,2025,11,8866,21388986.51,1413905.97,13877657.29,2953858.0,23914688.28,0.22,3870558.64,0.0,False,0.8642,25.7,0.3557,0.042,0.0524,278.0,14491.8,0.982,1018,Sandwell General Hospital,52.5145,-2.0196
FIN000336,H09,2025,12,9563,22773620.83,1465192.04,15229005.56,3245778.75,26179308.5,0.22,3679863.46,0.0,False,1.02,25.65,0.358,0.042,0.0594,273.3,16884.5,0.984,1184,Sandwell General Hospital,52.5145,-2.0196
FIN000361,H09,2024,1,9271,38070984.84,2890485.41,22508238.61,2931695.0,84498053.26,0.22,0.0,,False,0.8328,83.0,0.0275,0.0056,0.0266,56.2,1651.9,0.374,504,Spire Manchester Hospital,53.432,-2.21
FIN000362,H03,2024,2,9375,36648254.18,2551345.68,22071527.75,2822637.5,83112228.35,0.22,0.0,317771.38,False,0.8422,82.48,0.0286,0.0053,0.0265,59.4,1614.5,0.383,431,Spire Manchester Hospital,53.432,-2.21
FIN000363,H04,2024,3,7477,32171646.42,3078517.44,18160583.67,2407645.5,68097371.23,0.22,0.0,0.0,False,0.5997,83.89,0.029,0.0056,0.0292,50.5,1609.8,0.369,452,Spire Manchester Hospital,53.432,-2.21
FIN000364,H01,2024,4,5080,26376624.86,3305232.19,11998459.88,1516704.0,45139200.05,0.22,0.0,0.0,False,0.4075,85.47,0.0287,0.0054,0.0301,38.0,1361.6,0.355,417,Spire Manchester Hospital,53.432,-2.21
FIN000365,H04,2024,5,5082,25072928.99,3406059.25,11877386.05,1599436.0,44613687.0,0.22,0.0,0.0,False,0.4076,85.45,0.0274,0.0054,0.0252,38.2,1464.9,0.359,417,Spire Manchester Hospital,53.432,-2.21
FIN000366,H10,2024,6,5109,26381132.3,3253633.62,12127930.6,1507935.0,45717886.47,0.22,0.0,439158.79,False,0.4098,85.29,0.0299,0.0056,0.0237,37.6,1422.5,0.358,393,Spire Manchester Hospital,53.432,-2.21
FIN000367,H08,2024,7,5696,28211228.78,3339013.21,14067234.22,1855503.75,52844459.99,0.22,0.0,0.0,False,0.4569,85.51,0.0256,0.0058,0.0291,37.9,1454.9,0.362,441,Spire Manchester Hospital,53.432,-2.21
FIN000368,H02,2024,8,5914,29619867.33,3409935.72,14542281.9,1927593.62,54694451.81,0.22,0.0,0.0,False,0.4744,85.42,0.0301,0.0055,0.0306,37.6,1580.7,0.365,468,Spire Manchester Hospital,53.432,-2.21
FIN000369,H03,2024,9,5320,28317251.76,3255779.4,13384601.79,1736262.0,50365719.08,0.22,0.0,0.0,False,0.4267,85.45,0.0256,0.0056,0.0284,38.1,1354.1,0.362,377,Spire Manchester Hospital,53.432,-2.21
FIN000370,H09,2024,10,5647,29071580.91,3400461.44,13936600.3,1840412.38,52411124.35,0.22,0.0,0.0,False,0.4529,85.52,0.0278,0.0056,0.0262,38.2,1505.0,0.368,422,Spire Manchester Hospital,53.432,-2.21
FIN000371,H01,2024,11,6060,28215174.3,3217404.34,14695118.28,1910902.0,55271685.03,0.22,0.0,0.0,False,0.4861,85.41,0.0281,0.0052,0.0249,38.2,1598.5,0.37,430,Spire Manchester Hospital,53.432,-2.21
FIN000372,H05,2024,12,5650,27690987.53,3104365.19,14128879.35,1913293.12,52987042.65,0.22,0.0,302465.65,False,0.5076,85.93,0.0315,0.0055,0.0283,34.3,2207.5,0.392,504,Spire Manchester Hospital,53.432,-2.21
FIN000373,H02,2025,1,9794,38313369.76,2738314.84,23873415.95,3024750.0,89398737.16,0.22,0.0,584639.34,False,0.8798,83.09,0.0305,0.0055,0.0271,55.3,1803.7,0.41,539,Spire Manchester Hospital,53.432,-2.21
FIN000374,H04,2025,2,8979,37357372.04,2492577.86,22731506.75,2938715.75,85359564.18,0.22,0.0,0.0,False,0.8066,82.92,0.0276,0.0055,0.0276,57.0,1523.0,0.406,464,Spire Manchester Hospital,53.432,-2.21
FIN000375,H02,2025,3,9362,38596404.62,2726882.88,23411853.49,3139912.5,88066200.53,0.22,0.0,,False,0.7509,83.0,0.0266,0.0057,0.0276,56.8,1563.3,0.404,437,Spire Manchester Hospital,53.432,-2.21
FIN000376,H10,2025,4,5268,28683430.83,3329846.85,13634794.8,1813124.87,51331621.05,0.22,0.0,0.0,False,0.4225,85.61,0.0306,0.0055,0.0309,37.7,1346.1,0.376,371,Spire Manchester Hospital,53.432,-2.21
FIN000377,H11,2025,5,5300,27551621.37,3427625.32,13236322.12,1764345.0,49605525.74,0.22,0.0,339240.17,False,0.4251,85.49,0.0264,0.0055,0.0291,37.2,1350.3,0.376,366,Spire Manchester Hospital,53.432,-2.21
FIN000378,H04,2025,6,5328,27543019.07,3347151.89,12935307.99,1754077.5,48773401.28,0.22,0.0,0.0,False,0.4274,85.43,0.0289,0.0054,0.0297,38.7,1318.5,0.38,418,Spire Manchester Hospital,53.432,-2.21
FIN000379,H06,2025,7,6349,30173946.07,3514190.68,15956073.54,2048338.5,59773482.81,0.22,0.0,0.0,False,0.5092,85.09,0.0263,0.0055,0.0295,40.6,1437.5,0.381,430,Spire Manchester Hospital,53.432,-2.21
FIN000380,H08,2025,8,6705,31381972.11,3468394.11,16359805.52,2091901.37,61441256.03,0.22,0.0,0.0,False,0.5378,85.01,0.0264,0.0057,0.0243,41.5,1503.7,0.384,435,Spire Manchester Hospital,53.432,-2.21
FIN000381,H04,2025,9,5507,27656185.53,3295456.4,13853953.11,1895380.5,52165969.0,0.22,0.0,345594.08,False,0.4417,85.58,0.0309,0.0056,0.0314,37.7,1295.0,0.383,399,Spire Manchester Hospital,53.432,-2.21
FIN000382,H01,2025,10,5867,30147107.03,3606907.21,14757358.15,1846138.12,55615207.73,0.22,0.0,272349.37,False,0.4706,85.25,0.0288,0.0055,0.0298,37.5,1461.3,0.39,423,Spire Manchester Hospital,53.432,-2.21
FIN000383,H10,2025,11,6450,30982234.03,3357808.24,16203738.76,2075126.5,60792538.74,0.22,0.0,315695.49,False,0.5173,85.33,0.0247,0.0054,0.0243,38.0,1580.3,0.391,438,Spire Manchester Hospital,53.432,-2.21
FIN000384,H10,2025,12,6843,32981819.44,3530903.7,17037495.83,2216226.0,63591056.42,0.22,0.0,0.0,False,0.6147,85.58,0.0278,0.0055,0.0313,37.9,1890.7,0.398,505,Spire Manchester Hospital,53.432,-2.21
FIN000409,H10,2024,1,12772,42954737.36,3578104.81,27806332.4,3872975.0,61811434.08,0.22,5861213.83,0.0,False,0.9334,58.35,0.1602,0.0131,0.0294,112.5,3481.6,0.55,1106,Leeds General Infirmary,53.802,-1.5491
FIN000410,H07,2024,2,12250,41841163.25,3190996.37,26934329.27,3750412.5,59513884.96,0.22,5681487.28,0.0,False,0.8953,57.92,0.158,0.0134,0.0265,114.9,3279.0,0.557,936,Leeds General Infirmary,53.802,-1.5491
FIN000411,H10,2024,3,10131,37883366.16,3709271.38,22420272.97,3109054.5,49723444.64,0.22,5696195.93,0.0,False,0.6611,59.13,0.1553,0.0122,0.0292,100.1,3025.2,0.54,952,Leeds General Infirmary,53.802,-1.5491
FIN000412,H08,2024,4,6831,29628165.53,3973496.63,15122056.59,2113116.25,33111563.45,0.2125,5611301.72,442922.82,False,0.4458,60.85,0.161,0.0107,0.0326,78.1,2675.7,0.52,800,Leeds General Infirmary,53.802,-1.5491
FIN000413,H04,2024,5,6340,28694563.25,4161792.97,14094639.2,2005233.5,31273876.38,0.2073,5764540.22,643501.64,False,0.4137,61.52,0.1533,0.0099,0.0273,70.9,2729.4,0.521,821,Leeds General Infirmary,53.802,-1.5491
FIN000414,H04,2024,6,12062,42733991.12,4110093.5,26914359.14,3839281.88,59372279.77,0.22,5907144.92,0.0,False,0.7871,56.87,0.1578,0.0146,0.033,132.3,2737.9,0.524,873,Leeds General Infirmary,53.802,-1.5491
FIN000415,H08,2024,7,7543,31719583.06,4262694.32,17276950.2,2402410.0,38703407.88,0.22,5719433.46,0.0,False,0.4922,61.08,0.1552,0.0104,0.0265,74.2,3084.4,0.527,894,Leeds General Infirmary,53.802,-1.5491
FIN000416,H05,2024,8,7456,31948530.98,4155487.42,16416138.02,2336235.5,36238193.6,0.22,5946120.7,0.0,False,0.4865,61.48,0.1595,0.0102,0.0299,71.1,2948.4,0.534,944,Leeds General Infirmary,53.802,-1.5491
FIN000417,H06,2024,9,7438,32212178.48,4044926.95,16753780.22,2357640.0,37025585.01,0.1212,,0.0,False,0.4854,60.6,0.1515,0.0109,0.0272,80.6,2699.7,0.528,834,Leeds General Infirmary,53.802,-1.5491
FIN000418,H02,2024,10,6885,29894059.35,4210184.12,15326236.09,2180858.62,34066035.19,0.22,5828808.29,0.0,False,0.4493,61.52,0.1618,0.0104,0.0286,70.7,2911.6,0.534,908,Leeds General Infirmary,53.802,-1.5491
FIN000419,H05,2024,11,7794,31609835.64,4038633.73,17285094.92,2366547.75,38512990.24,0.22,5686320.58,0.0,False,0.5086,61.02,0.1611,0.0105,0.0263,74.4,3160.2,0.542,915,Leeds General Infirmary,53.802,-1.5491
FIN000420,H08,2024,12,7641,31412782.57,3744650.11,17341208.23,2460523.12,38205635.69,0.22,5935949.85,0.0,False,0.5584,61.5,0.1687,0.0103,0.0309,70.1,4728.4,0.579,1030,Leeds General Infirmary,53.802,-1.5491
FIN000421,H01,2025,1,13445,46689255.66,3450484.87,30377626.0,4321359.5,67253562.03,0.22,5848989.44,0.0,False,0.9826,58.08,0.1607,0.0132,0.0294,114.7,3594.7,0.584,1140,Leeds General Infirmary,53.802,-1.5491
FIN000422,H05,2025,2,11955,43040105.37,3099092.84,26914509.29,3795672.75,59347004.76,0.22,5840681.1,0.0,False,0.8737,58.12,0.1596,0.0133,0.028,114.6,3120.8,0.583,967,Leeds General Infirmary,53.802,-1.5491
FIN000423,H01,2025,3,11923,41968292.85,3306085.97,26847603.93,3676736.25,59470557.64,0.22,5878637.2,0.0,False,0.778,58.15,0.1524,0.0134,0.0295,110.3,3164.7,0.577,965,Leeds General Infirmary,53.802,-1.5491
FIN000424,H09,2025,4,6408,30233087.63,4174182.32,14876077.12,2121741.88,32887744.12,0.2174,5752566.78,0.0,False,0.4181,61.82,0.1564,0.0098,0.0303,69.6,2764.2,0.542,831,Leeds General Infirmary,53.802,-1.5491
FIN000425,H07,2025,5,6553,29837017.73,4291132.04,14761686.58,2041105.0,32807522.53,0.22,6044137.62,,False,0.4276,61.23,0.1592,0.0103,0.0345,73.5,2745.8,0.541,829,Leeds General Infirmary,53.802,-1.5491
FIN000426,H01,2025,6,6811,30503817.79,4149868.08,15665509.53,2200755.38,34778637.24,0.22,5928418.69,0.0,False,0.4444,60.98,0.1694,0.0106,0.0267,74.0,2666.1,0.544,834,Leeds General Infirmary,53.802,-1.5491
FIN000427,H09,2025,7,7960,33009195.3,4272572.76,17897466.57,2496029.25,39552285.55,0.22,5921707.54,0.0,False,0.5194,60.54,0.1632,0.0107,0.0318,80.2,2977.2,0.547,842,Leeds General Infirmary,53.802,-1.5491
FIN000428,H07,2025,8,8804,35974081.6,4204294.21,20255293.6,2743443.62,44764796.28,0.22,6086247.4,0.0,False,0.5745,60.29,0.1569,0.0112,0.0277,84.0,3044.8,0.552,893,Leeds General Infirmary,53.802,-1.5491
FIN000429,H04,2025,9,7016,31811292.0,4174162.01,15885450.0,2207512.5,34940700.47,0.22,5957423.27,0.0,False,0.4578,60.99,0.1575,0.0108,0.0278,76.9,2683.7,0.546,800,Leeds General Infirmary,53.802,-1.5491
FIN000430,H10,2025,10,7674,34212255.76,4355489.46,17947216.32,2508854.38,40113574.49,0.22,5905015.84,0.0,False,0.5008,60.72,0.163,0.0109,0.0287,80.8,3103.9,0.557,880,Leeds General Infirmary,53.802,-1.5491
FIN000431,H07,2025,11,8062,33609741.69,4073965.0,18845916.32,2729018.25,41745028.43,0.22,6033108.15,0.0,False,0.5261,60.94,0.1577,0.0106,0.0299,76.7,3201.4,0.562,879,Leeds General Infirmary,53.802,-1.5491
FIN000432,H09,2025,12,8764,37165901.15,4375582.73,20695105.84,2888122.88,45710385.97,0.22,6127322.91,0.0,False,0.6405,61.1,0.1575,0.0103,0.0267,75.3,3536.2,0.568,1107,Leeds General Infirmary,53.802,-1.5491
FIN000457,H07,2024,1,2997,9102704.58,1080641.63,4911349.06,892255.0,9766672.71,0.1571,1523193.94,0.0,False,0.726,69.37,0.2045,0.0067,0.0277,91.8,3130.6,0.548,338,Harrogate District Hospital,53.987,-1.537
FIN000458,H07,2024,2,2882,9123034.33,965433.48,4889091.49,888462.5,9726166.3,0.1978,1608117.36,0.0,False,0.6982,69.24,0.2044,0.0065,0.0298,96.3,2769.6,0.557,298,Harrogate District Hospital,53.987,-1.537
FIN000459,H01,2024,3,2369,8430373.11,1140277.89,4145849.39,778248.75,8266543.31,0.1421,1567555.26,0.0,False,0.5124,70.59,0.1954,0.0061,0.0253,82.3,2755.4,0.538,283,Harrogate District Hospital,53.987,-1.537
FIN000460,H02,2024,4,1578,6522665.32,1164781.39,2705427.79,487794.12,5426513.37,0.0867,1541897.71,0.0,False,0.3413,72.1,0.2015,0.0062,0.0241,62.4,2452.7,0.52,265,Harrogate District Hospital,53.987,-1.537
FIN000461,H06,2024,5,1574,6782985.51,1220619.28,2624870.23,477059.5,5263396.53,0.0128,1563774.93,0.0,False,0.3404,72.56,0.1766,0.0061,0.0229,62.7,2574.4,0.521,264,Harrogate District Hospital,53.987,-1.537
FIN000462,H04,2024,6,1620,6428468.98,1130213.25,2763148.91,492063.0,5439325.55,0.0868,1536768.65,0.0,False,0.3504,72.2,0.1809,0.0065,0.0302,63.5,2430.4,0.526,256,Harrogate District Hospital,53.987,-1.537
FIN000463,H04,2024,7,1697,6789777.59,1183323.81,3028553.88,523041.25,6011894.72,0.148,1612067.29,0.0,False,0.367,71.72,0.1945,0.0054,0.0247,62.0,2711.3,0.529,258,Harrogate District Hospital,53.987,-1.537
FIN000464,H06,2024,8,1775,6902418.55,1184521.2,2998243.1,590039.0,5987507.94,0.0794,1596450.12,0.0,False,0.3839,72.25,0.1938,0.0057,0.0293,63.2,2738.4,0.532,267,Harrogate District Hospital,53.987,-1.537
FIN000465,H04,2024,9,1619,6694250.93,1182674.32,2766879.31,491508.0,5552447.84,0.0819,1618495.23,0.0,False,0.3502,72.46,0.1933,0.0064,0.0315,62.0,2432.2,0.531,246,Harrogate District Hospital,53.987,-1.537
FIN000466,H11,2024,10,1721,7130808.86,1188949.34,2978839.63,526690.38,5898653.02,0.0259,1565462.7,0.0,False,0.3722,71.86,0.204,0.0063,0.0314,63.7,2630.7,0.53,248,Harrogate District Hospital,53.987,-1.537
FIN000467,H06,2024,11,1737,7015014.15,1203605.74,3033789.91,491776.25,6096677.77,0.0643,1607438.31,0.0,False,0.3757,72.43,0.2073,0.0065,0.0276,61.8,3057.8,0.545,308,Harrogate District Hospital,53.987,-1.537
FIN000468,H11,2024,12,1725,7050567.09,1142039.25,3158401.44,607586.25,6265094.27,0.089,1571344.67,0.0,False,0.4179,73.08,0.2087,0.0062,0.0307,54.3,4075.2,0.579,352,Harrogate District Hospital,53.987,-1.537
FIN000469,H08,2025,1,2933,9324399.82,1033329.55,5162291.37,951788.0,10213538.73,0.22,1555612.91,0.0,False,0.7105,69.81,0.2196,0.006,0.0283,88.4,3242.8,0.585,330,Harrogate District Hospital,53.987,-1.537
FIN000470,H04,2025,2,2803,9322923.59,967688.48,5099868.77,953971.0,10122824.83,0.1697,1586337.37,0.0,False,0.679,69.43,0.1991,0.0065,0.0293,92.8,2820.3,0.584,308,Harrogate District Hospital,53.987,-1.537
FIN000471,H02,2025,3,2830,9334156.91,1079205.01,4866369.85,893355.75,9731982.47,0.1963,1607914.71,141549.26,False,0.6121,69.16,0.2057,0.0064,0.0346,91.4,2757.6,0.574,280,Harrogate District Hospital,53.987,-1.537
FIN000472,H03,2025,4,1653,6726893.68,1240982.78,2715505.67,469016.62,5402464.99,0.0185,1605772.71,0.0,False,0.3575,72.11,0.1912,0.0058,0.0327,61.8,2511.0,0.54,248,Harrogate District Hospital,53.987,-1.537
FIN000473,H05,2025,5,1644,6869892.12,1197897.69,2847351.3,506715.0,5675894.04,0.0596,1640694.02,0.0,False,0.3556,71.67,0.2056,0.0056,0.0237,64.2,2512.8,0.538,232,Harrogate District Hospital,53.987,-1.537
FIN000474,H02,2025,6,1586,6663937.07,1145641.09,2717148.64,493589.25,5380451.52,0.0553,1595531.39,0.0,False,0.343,72.47,0.2049,0.0064,0.0265,62.2,2429.4,0.544,247,Harrogate District Hospital,53.987,-1.537
FIN000475,H05,2025,7,1968,7398597.12,1254674.94,3378922.37,627584.75,6728705.01,0.1518,1644750.81,0.0,False,0.4257,71.61,0.1992,0.006,0.0366,67.4,2741.0,0.554,300,Harrogate District Hospital,53.987,-1.537
FIN000476,H03,2025,8,1942,7642858.07,1218424.41,3250857.81,600320.38,6561329.45,0.0576,1586674.81,0.0,False,0.42,71.47,0.2008,0.0062,0.0304,66.2,2759.4,0.549,249,Harrogate District Hospital,53.987,-1.537
FIN000477,H02,2025,9,1583,6862749.21,1252609.29,2882227.8,521589.0,5659720.19,0.0374,1612232.89,0.0,False,0.3424,72.15,0.1939,0.0061,0.0272,61.6,2481.9,0.55,280,Harrogate District Hospital,53.987,-1.537
FIN000478,H11,2025,10,1708,7193719.57,1227686.39,2935161.7,520705.62,5819106.78,0.0403,1605525.17,0.0,False,0.3694,72.22,0.1938,0.0057,0.0357,63.2,2759.3,0.551,233,Harrogate District Hospital,53.987,-1.537
FIN000479,H10,2025,11,1915,7502290.87,1210541.9,3342958.18,643578.0,6693303.25,0.0933,1620963.06,0.0,False,0.4142,72.27,0.1896,0.0058,0.0282,62.8,3004.9,0.564,300,Harrogate District Hospital,53.987,-1.537
FIN000480,H08,2025,12,1941,7860300.37,1254000.68,3414686.15,638818.88,6843466.11,0.0964,1665683.4,0.0,False,0.4702,72.64,0.1947,0.0059,0.0304,60.4,3234.2,0.569,291,Harrogate District Hospital,53.987,-1.537
FIN000505,H02,2024,1,15496,59844598.26,4126748.58,40789501.04,4765230.0,89862713.98,0.22,7049351.73,0.0,False,0.928,53.11,0.172,0.0193,0.0294,172.2,3656.3,0.554,1243,Bristol Royal Infirmary,51.459,-2.597
FIN000506,H02,2024,2,15090,58828707.42,3649625.66,39435512.37,4741087.5,87087329.08,0.22,7278709.22,0.0,False,0.9037,52.54,0.1732,0.02,0.029,183.2,3225.7,0.558,1067,Bristol Royal Infirmary,51.459,-2.597
FIN000507,H01,2024,3,12182,51372565.52,4274832.7,31991675.73,3706040.25,70200668.5,0.22,7067370.68,389132.92,False,0.6514,53.95,0.1715,0.0183,0.0311,156.1,3098.9,0.537,1038,Bristol Royal Infirmary,51.459,-2.597
FIN000508,H10,2024,4,8248,39436561.72,4672096.68,21444299.71,2510066.12,46980561.49,0.22,6924410.62,0.0,False,0.441,55.62,0.1703,0.016,0.0298,117.7,2596.7,0.52,970,Bristol Royal Infirmary,51.459,-2.597
FIN000509,H03,2024,5,8303,41617490.78,4721777.29,22150349.4,2557514.0,48753383.67,0.22,7310253.94,0.0,False,0.444,55.63,0.1776,0.0161,0.0282,117.0,2705.9,0.521,966,Bristol Royal Infirmary,51.459,-2.597
FIN000510,H05,2024,6,8286,39270059.52,4600930.21,21747234.77,2561505.38,47843421.88,0.22,7077984.88,0.0,False,0.4431,55.6,0.1849,0.0159,0.031,118.2,2794.2,0.526,956,Bristol Royal Infirmary,51.459,-2.597
FIN000511,H02,2024,7,9128,43326442.53,4778702.51,24613889.39,2949316.25,54097764.13,0.22,6992658.73,0.0,False,0.4881,55.72,0.1756,0.0159,0.0276,117.7,2846.4,0.527,1005,Bristol Royal Infirmary,51.459,-2.597
FIN000512,H07,2024,8,9580,44735160.07,4735956.87,24830017.66,2964148.62,54896489.85,0.22,7110301.99,0.0,False,0.5123,55.51,0.1732,0.0164,0.0286,119.0,2879.3,0.531,1076,Bristol Royal Infirmary,51.459,-2.597
FIN000513,H02,2024,9,8316,41066541.22,4795568.41,22207523.8,2681316.0,49084424.0,0.22,7221675.42,0.0,False,0.4447,55.54,0.1759,0.0161,0.0315,118.4,2641.7,0.527,1003,Bristol Royal Infirmary,51.459,-2.597
FIN000514,H05,2024,10,8839,42519355.94,4927840.8,23398502.35,2873766.88,51600048.52,0.22,7065673.41,0.0,False,0.4726,55.53,0.1763,0.0161,0.0342,118.7,2988.6,0.534,1055,Bristol Royal Infirmary,51.459,-2.597
FIN000515,H11,2024,11,9778,46713967.96,4787051.85,26614565.64,3129302.75,59054910.11,0.22,7127297.17,0.0,False,0.5229,55.66,0.1695,0.0162,0.0314,119.2,3126.6,0.539,1097,Bristol Royal Infirmary,51.459,-2.597
FIN000516,H06,2024,12,9104,43054509.25,4418168.54,24558949.36,2909171.25,54192784.72,0.22,7436899.65,0.0,False,0.5452,56.59,0.1705,0.0148,0.0302,106.2,4449.7,0.576,1220,Bristol Royal Infirmary,51.459,-2.597
FIN000517,H06,2025,1,15643,61387514.82,4083054.68,41984930.5,4934375.5,92486506.89,0.22,7059702.54,180450.51,False,0.9368,53.13,0.1793,0.0194,0.0311,167.8,3637.1,0.586,1266,Bristol Royal Infirmary,51.459,-2.597
FIN000518,H04,2025,2,14395,57984554.81,3569067.49,38491961.97,4379777.88,85060888.34,0.22,,0.0,False,0.8621,52.73,0.1737,0.0199,0.0297,174.5,3104.7,0.584,1114,Bristol Royal Infirmary,51.459,-2.597
FIN000519,H07,2025,3,14713,59197017.6,3848685.07,40174017.97,4847619.75,88551667.05,0.22,7354660.49,0.0,False,0.7867,52.97,0.1804,0.0195,0.0294,174.9,3081.0,0.577,1057,Bristol Royal Infirmary,51.459,-2.597
FIN000520,H08,2025,4,8367,40547550.01,4757443.6,22399875.03,2645578.62,49419729.46,0.22,7294209.24,0.0,False,0.4474,55.51,0.176,0.0163,0.028,119.9,2827.5,0.542,980,Bristol Royal Infirmary,51.459,-2.597
FIN000521,H10,2025,5,8582,43543873.53,5052965.14,23640636.33,2810335.0,51643542.99,0.22,7435917.25,572813.92,False,0.4589,55.49,0.1659,0.0163,0.0277,118.9,2732.9,0.54,915,Bristol Royal Infirmary,51.459,-2.597
FIN000522,H06,2025,6,8554,43391219.63,4836202.54,23573231.01,2857514.62,52178324.58,0.22,7341135.37,0.0,False,0.4574,55.8,0.1777,0.0163,0.0297,117.1,2820.6,0.547,997,Bristol Royal Infirmary,51.459,-2.597
FIN000523,H07,2025,7,10044,46869636.34,5005106.68,28201805.09,3197207.0,62507892.68,0.22,7320289.95,0.0,False,0.5371,55.15,0.1707,0.0164,0.0306,126.8,3001.8,0.549,1046,Bristol Royal Infirmary,51.459,-2.597
FIN000524,H08,2025,8,10448,48906828.56,4927720.44,28575026.7,3382692.62,63085313.47,0.22,7459347.36,492188.94,False,0.5587,55.24,0.1694,0.0168,0.0299,124.9,3031.1,0.551,1039,Bristol Royal Infirmary,51.459,-2.597
FIN000525,H04,2025,9,8594,43179393.8,4850052.97,23573932.84,2831776.5,51913601.84,0.22,7139278.55,0.0,False,0.4595,55.69,0.1769,0.0162,0.0284,118.2,2730.3,0.549,971,Bristol Royal Infirmary,51.459,-2.597
FIN000526,H04,2025,10,9140,44645561.6,5069063.03,24923608.9,3083071.25,54843258.29,0.22,7500970.45,0.0,False,0.4887,55.59,0.1707,0.0161,0.0299,119.3,2855.0,0.548,1056,Bristol Royal Infirmary,51.459,-2.597
FIN000527,H10,2025,11,10133,47916306.79,4643386.8,28215877.17,3368470.75,62156437.6,0.22,7168877.71,0.0,False,0.5418,55.72,0.1794,0.0158,0.0299,117.1,3106.2,0.561,1088,Bristol Royal Infirmary,51.459,-2.597
FIN000528,H02,2025,12,10879,50514344.52,4921611.04,29936603.57,3578626.12,65631478.55,0.22,7579464.1,0.0,False,0.6515,55.73,0.1698,0.0159,0.0291,117.8,3446.2,0.568,1240,Bristol Royal Infirmary,51.459,-2.597
